"F0204191024171146","4121","I","133","CA0000001DEW","Lalang tumbuh di baris 32
","HIGH","","BARU","0198","0","0","0","","0204","2019-10-24 17:12:44","0204","2019-10-24 17:12:44","Y","0","","","Y"
"F0203191024160313","4121","B","043","CA0000001DEW","Anak kayu di gawangan jalur 81","MED","","BARU","0193","0","-2.8701751","112.377411","","0203","2019-10-24 16:03:44","0203","2019-10-24 16:03:44","Y","0","","","Y"
"F0135191024093531","4122","O","368","CA0000001DEW","Pasar pikul tidak ada, dan pruning under jalur 34/35","HIGH","","BARU","0110","0","-2.949634","112.3351035","","0135","2019-10-24 09:36:14","0135","2019-10-24 09:36:14","Y","0","","","Y"
"F0135191024084821","4122","S","431","CA0000001DEW","Pruning under","MED","","BARU","0111","0","-2.9454593","112.3707845","","0135","2019-10-24 08:48:43","0135","2019-10-24 08:48:43","Y","0","","","Y"
"F0196191024084736","4121","E","120","CA0000001DEW","Kacangan blok M9 plat 17","HIGH","2019-10-31 00:00:00","BARU","0196","0","-2.87544594","112.42699092","","0196","2019-10-24 08:48:16","","2019-10-24 12:54:01","Y","0","","","Y"
"F0196191024083459","4121","E","120","CA0000002DEW","Mounding blok M09 jalur 55","HIGH","2019-10-31 00:00:00","BARU","0196","0","-2.87555243","112.4263113","","0196","2019-10-24 08:35:37","0196","2019-10-24 08:35:37","Y","0","","","Y"
"F0203191023160847","4121","D","087","CA0000001DEW","Anak kayu dan bambu di gawangan jalur 94  ","MED","","BARU","0195","0","-2.9292785","112.3763946","","0203","2019-10-23 16:09:31","0203","2019-10-23 16:09:31","Y","0","","","Y"
"F0135191023150826","4122","P","394","CA0000001DEW","Pruning Under,  perlu di rehab","HIGH","","BARU","0111","0","-2.9103074","112.3319912","","0135","2019-10-23 15:09:26","0135","2019-10-23 15:09:26","Y","0","","","Y"
"F0196191023104142","4121","E","112","CA0000001DEW","Brondolan blok L09 jalur 50","HIGH","2019-10-26 00:00:00","BARU","0196","0","-2.87339392","112.41626123","","0196","2019-10-23 10:42:05","0196","2019-10-23 10:42:05","Y","0","","","Y"
"F0196191023085938","4121","E","114","CA0000002DEW","Pelepah sengkleh blok L11 jalur 14","HIGH","2019-10-26 00:00:00","BARU","0196","0","-2.88008257","112.41359592","","0196","2019-10-23 09:00:08","0196","2019-10-23 09:00:08","Y","0","","","Y"
"F0196191023085751","4121","E","114","CA0000002DEW","Pelepah sengkleh dan pruning blok L11 jalur 16","HIGH","2019-10-26 00:00:00","BARU","0196","0","-2.88062965","112.41359032","","0196","2019-10-23 08:58:33","0196","2019-10-23 08:58:33","Y","0","","","Y"
"F0214191023080507","4123","R","493","CA0000002DEW","Di jalur 20/21 ada 2 pokok yg abnormal segera di lakukan pruning dan di buang semua buah maupun bunganya atau di lakukan TO","MED","","BARU","0221","0","-2.9525767","112.3548957","","0214","2019-10-23 08:08:32","0214","2019-10-23 08:08:32","Y","0","","","Y"
"F0196191022094236","4121","E","107","CA0000001DEW","Brondolan jalur 76","HIGH","2019-10-26 00:00:00","BARU","0196","0","-2.87313004","112.40901328","","0196","2019-10-22 09:42:56","0196","2019-10-22 09:42:56","Y","0","","","Y"
"F0203191022094107","4121","C","057","CA0000001DEW","Anak kayu di pasar pikul jalur 78/79","MED","","BARU","0194","0","0","0","","0203","2019-10-22 09:41:51","0203","2019-10-22 09:41:51","Y","0","","","Y"
"F0196191022092305","4121","E","107","CA0000002DEW","Pruning Ancak Fatkul","HIGH","2019-10-26 00:00:00","BARU","0196","0","-2.87458041","112.4084506","","0196","2019-10-22 09:23:31","0196","2019-10-22 09:23:31","Y","0","","","Y"
"F0214191022075634","4123","R","479","CA0000001DEW","Pasar pukul tumbuh anak sawit di baris85/86 dr sebelah selatan blok 43/44 segera di dongkel","MED","","BARU","0221","0","-2.9525767","112.3548957","","0214","2019-10-22 07:59:10","0214","2019-10-22 07:59:10","Y","0","","","Y"
"F0196191019120359","4121","E","109","CA0000001DEW","Kacangan dalam portal mulai jalur 1","HIGH","2019-10-26 00:00:00","BARU","0196","0","-2.86696475","112.41614214","","0196","2019-10-19 12:04:28","0196","2019-10-19 12:04:28","Y","0","","","Y"
"F0196191019115946","4121","E","109","CA0000012DEW","Rawat jalan L06 dalam portal, air dibuang, latrit dihampar","HIGH","2019-10-26 00:00:00","SELESAI","0196","100","-2.86702278","112.41615126","","0196","2019-10-19 12:01:41","0196","2019-10-21 16:08:33","Y","0","","2019-10-21 16:08:33","Y"
"F0196191019115644","4121","E","110","CA0000001DEW","Pruning L07 ancak Alo","HIGH","2019-10-26 00:00:00","BARU","0196","0","-2.86913241","112.41620714","","0196","2019-10-19 11:57:31","","2019-10-21 13:00:19","Y","0","","","Y"
"F0196191019115034","4121","E","110","CA0000001DEW","Kacangan mulai jalur 1 sampai 50","HIGH","2019-10-26 00:00:00","BARU","0196","0","-2.86740231","112.41635749","","0196","2019-10-19 11:51:20","0196","2019-10-19 11:51:20","Y","0","","","Y"
"F0196191019110315","4121","E","103","CA0000001DEW","Kacangan K05 jalur 1 sampai 50","HIGH","2019-10-26 00:00:00","BARU","0196","0","-2.86146084","112.40428489","","0196","2019-10-19 11:04:28","","2019-10-21 13:00:19","Y","0","","","Y"
"F0196191019104728","4121","E","108","CA0000002DEW","Pruning blok L05 jalur 26","HIGH","2019-10-26 00:00:00","BARU","0196","0","-2.86335124","112.41477072","","0196","2019-10-19 10:48:09","","2019-10-21 13:00:19","Y","0","","","Y"
"F0135191018093846","4122","L","341","CA0000001DEW","Pruning Under, dan piringan semak","HIGH","","BARU","0107","0","-2.9006467","112.3507762","","0135","2019-10-18 09:39:51","0135","2019-10-18 09:39:51","Y","0","","","Y"
"F0192191018081119","4121","A","020","CA0000001DEW","Bambu di a19 ancak 6","HIGH","2019-11-30 00:00:00","BARU","0192","0","0","0","","0192","2019-10-18 08:11:58","0192","2019-10-18 08:11:58","Y","0","","","Y"
"F0203191017160414","4121","C","078","CA0000001DEW","Anak kayu di path dan gawangan jalur 21","MED","","BARU","0194","0","-2.8717106","112.3117731","","0203","2019-10-17 16:04:51","0203","2019-10-17 16:04:51","Y","0","","","Y"
"F0196191017094031","4121","E","129","CA0000001DEW","Sanitasi","HIGH","2019-10-19 00:00:00","BARU","0196","0","-2.87873458","112.43105841","","0196","2019-10-17 09:40:46","0196","2019-10-17 09:40:46","Y","0","","","Y"
"F0203191015085706","4121","C","066","CA0000001DEW","Anak sawit di pirngan dan pasar pikul jalur 64","MED","","BARU","0194","0","-2.9263428","112.3353384","","0203","2019-10-15 08:57:56","0203","2019-10-15 08:57:56","Y","0","","","Y"
"F0135191014113236","4122","O","379","CA0000001DEW","Kacangan melilit pokok f39 jalur 75/76","MED","","BARU","0110","0","-2.9747407","112.3484292","","0135","2019-10-14 11:33:42","0135","2019-10-14 11:33:42","Y","0","","","Y"
"F0196191014111634","4121","E","116","CA0000001DEW","DAS blok M05 jalur 56","HIGH","2019-10-19 00:00:00","BARU","0196","0","-2.86252942","112.42654072","","0196","2019-10-14 11:17:01","0196","2019-10-14 11:17:01","Y","0","","","Y"
"F0196191014110728","4121","E","116","CA0000001DEW","Pruningan blok M05 jalur 50 sampai 53","HIGH","2019-10-19 00:00:00","SELESAI","0196","100","-2.8634673","112.42607788","","0196","2019-10-14 11:08:36","0196","2019-10-21 15:30:53","Y","0","","2019-10-21 15:30:53","Y"
"F0196191014105320","4121","E","117","CA0000001DEW","Kacangan blok M06 jalur 40, pakai tenaga cabutan saja","HIGH","2019-10-19 00:00:00","BARU","0196","0","-2.86425363","112.42538533","","0196","2019-10-14 10:54:02","0196","2019-10-14 10:54:02","Y","0","","","Y"
"F0196191014105139","4121","E","117","CA0000001DEW","DAS blok M06 jalur 40","HIGH","2019-10-19 00:00:00","BARU","0196","0","-2.8646478","112.42541691","","0196","2019-10-14 10:52:09","0196","2019-10-14 10:52:09","Y","0","","","Y"
"F0196191012101911","4121","E","119","CA0000001DEW","Brondolan di sepanjang pasar pikul ancak 9 M08","HIGH","2019-10-19 00:00:00","SELESAI","0196","100","-2.8728034","112.42477201","","0196","2019-10-12 10:20:21","0196","2019-10-17 15:10:10","Y","0","","2019-10-17 15:10:10","Y"
"F0196191012100346","4121","E","118","CA0000001DEW","DAS M07 jalur 32","HIGH","2019-10-19 00:00:00","BARU","0196","0","-2.86878974","112.42468388","","0196","2019-10-12 10:04:10","0196","2019-10-12 10:04:10","Y","0","","","Y"
"F0196191012100053","4121","E","118","CA0000001DEW","Buah Busuk M07 jalur 32","HIGH","2019-10-19 00:00:00","SELESAI","0196","100","-2.86797443","112.42466327","","0196","2019-10-12 10:01:39","0196","2019-10-17 15:41:25","Y","0","","2019-10-17 15:41:25","Y"
"F0196191012093540","4121","E","108","CA0000001DEW","Buka piringan L05 jalur 22","HIGH","2019-10-19 00:00:00","SELESAI","0196","100","-2.86321101","112.41450917","","0196","2019-10-12 09:36:06","0196","2019-10-16 15:07:08","Y","0","","2019-10-16 15:07:08","Y"
"F0196191012092824","4121","E","108","CA0000001DEW","Pruning dan buka kacangan L05 jalur 16","HIGH","2019-10-19 00:00:00","SELESAI","0196","100","-2.86328002","112.41397502","","0196","2019-10-12 09:28:49","0196","2019-10-16 15:05:31","Y","0","","2019-10-16 15:05:31","Y"
"F0196191012092037","4121","E","108","CA0000001DEW","Kacangan L05 dari jalur 1 sampai 20, 2hk","HIGH","2019-10-19 00:00:00","SELESAI","0196","100","-2.86351671","112.41358216","","0196","2019-10-12 09:21:19","0196","2019-10-21 16:05:40","Y","0","","2019-10-21 16:05:40","Y"
"F0196191012091727","4121","E","108","CA0000001DEW","Pruning L05 jalur 10","HIGH","2019-10-19 00:00:00","SELESAI","0196","100","-2.86320072","112.41361352","","0196","2019-10-12 09:18:10","0196","2019-10-19 10:28:54","Y","0","","2019-10-19 10:28:54","Y"
"F0196191012090956","4121","E","108","CA0000012DEW","Rawat jalan L05","HIGH","2019-10-19 00:00:00","SELESAI","0196","100","-2.86277779","112.41292788","","0196","2019-10-12 09:10:28","0196","2019-10-16 15:03:25","Y","0","","2019-10-16 15:03:25","Y"
"F0196191011095225","4121","E","110","CA0000002DEW","Kacangan 102 sampai 114, 2hk","HIGH","2019-10-19 00:00:00","SELESAI","0196","100","-2.86938114","112.42030468","","0196","2019-10-11 09:53:23","0196","2019-10-24 09:43:27","Y","0","","2019-10-24 09:43:27","Y"
"F0196191011094505","4121","E","110","CA0000001DEW","Brondolan L07 jalur 98","HIGH","2019-10-19 00:00:00","SELESAI","0196","100","-2.86742978","112.41997477","","0196","2019-10-11 09:45:54","0196","2019-10-17 15:36:19","Y","0","","2019-10-17 15:36:19","Y"
"F0196191011093011","4121","E","111","CA0000001DEW","Brondolan L08 jalur 100","HIGH","2019-10-19 00:00:00","SELESAI","0196","100","-2.87275786","112.4197882","","0196","2019-10-11 09:30:38","0196","2019-10-17 15:03:21","Y","0","","2019-10-17 15:03:21","Y"
"F0203191011083231","4121","C","065","CA0000001DEW","Anak kayu di gawangan jalur 91","MED","","BARU","0194","0","-2.8749916","112.3194416","","0203","2019-10-11 08:32:57","0203","2019-10-11 08:32:57","Y","0","","","Y"
"F0203191011082055","4121","D","087","CA0000001DEW","Anak kayu di gawangan dan di path jalur 75","MED","","BARU","0195","0","-2.8749916","112.3194416","","0203","2019-10-11 08:21:32","0203","2019-10-11 08:21:32","Y","0","","","Y"
"F0196191010113543","4121","E","112","CA0000001DEW","Brondolan L09 jalur 80","HIGH","2019-10-19 00:00:00","SELESAI","0196","100","-2.87413504","112.41836239","","0196","2019-10-10 11:36:12","0196","2019-10-17 14:52:04","Y","0","","2019-10-17 14:52:04","Y"
"F0196191010112846","4121","E","112","CA0000002DEW","Pruningan L09 jalur 74 75 76 77","HIGH","2019-10-19 00:00:00","SELESAI","0196","100","-2.87463332","112.41787632","","0196","2019-10-10 11:29:20","0196","2019-10-17 14:54:42","Y","0","","2019-10-17 14:54:42","Y"
"F0196191010112657","4121","E","112","CA0000001DEW","DAS dan buka piringan L09 jalur 74 75 76 77","HIGH","2019-10-19 00:00:00","BARU","0196","0","-2.8749874","112.41784422","","0196","2019-10-10 11:27:44","0196","2019-10-10 11:27:44","Y","0","","","Y"
"F0196191010111511","4121","E","113","CA0000001DEW","Brondolan L10 jalur 71","HIGH","2019-10-19 00:00:00","SELESAI","0196","100","-2.87796042","112.41763676","","0196","2019-10-10 11:15:37","0196","2019-10-17 14:41:28","Y","0","","2019-10-17 14:41:28","Y"
"F0196191010110605","4121","E","113","CA0000001DEW","Tarik Pancingan L10 jalur 65","HIGH","2019-10-19 00:00:00","BARU","0196","0","-2.87641579","112.41724911","","0196","2019-10-10 11:06:29","0196","2019-10-10 11:06:29","Y","0","","","Y"
"F0196191010110402","4121","E","113","CA0000001DEW","Cuci buah Busuk L10 jalur 65 66 67 68","HIGH","2019-10-19 00:00:00","BARU","0196","0","-2.87680115","112.41721548","","0196","2019-10-10 11:04:50","0196","2019-10-10 11:04:50","Y","0","","","Y"
"F0196191009101611","4121","E","114","CA0000001DEW","Brondolan L11 jalur 63","HIGH","2019-10-12 00:00:00","SELESAI","0196","100","-2.87982603","112.41700119","","0196","2019-10-09 10:16:39","0196","2019-10-14 17:03:39","Y","0","","2019-10-14 17:03:39","Y"
"F0196191009094554","4121","E","107","CA0000001DEW","Brondolan K09 jalur 46","HIGH","2019-10-12 00:00:00","SELESAI","0196","100","-2.8749452","112.40688364","","0196","2019-10-09 09:46:22","0196","2019-10-14 17:15:43","Y","0","","2019-10-14 17:15:43","Y"
"F0196191008085752","4121","E","105","CA0000001DEW","Brondolan K07 jalur 39","HIGH","2019-10-12 00:00:00","SELESAI","0196","100","-2.8689846","112.40645277","","0196","2019-10-08 08:58:29","0196","2019-10-15 10:30:47","Y","0","","2019-10-15 10:30:47","Y"
"F0196191008083757","4121","E","105","CA0000001DEW","Pruning K07 jalur 29","HIGH","2019-10-12 00:00:00","SELESAI","0196","100","-2.86810205","112.40573342","","0196","2019-10-08 08:38:36","0196","2019-10-11 12:21:39","Y","0","","2019-10-11 12:21:39","Y"
"F0196191007101535","4121","E","104","CA0000001DEW","Buka piringan K06 jalur 22","HIGH","2019-10-12 00:00:00","SELESAI","0196","100","-2.8645827","112.40526262","","0196","2019-10-07 10:16:16","0196","2019-10-11 12:30:00","Y","0","","2019-10-11 12:30:00","Y"
"F0196191007101402","4121","E","104","CA0000001DEW","Tumabang kayu  K06 jalur 22","HIGH","2019-10-12 00:00:00","SELESAI","0196","100","-2.86472465","112.40523923","","0196","2019-10-07 10:14:41","0196","2019-10-11 12:30:51","Y","0","","2019-10-11 12:30:51","Y"
"F0196191007101155","4121","E","104","CA0000001DEW","Brondolan dan buah tinggal K06 jalur 22","HIGH","2019-10-12 00:00:00","SELESAI","0196","100","-2.86571426","112.40521028","","0196","2019-10-07 10:12:25","0196","2019-10-09 13:08:35","Y","0","","2019-10-09 13:08:35","Y"
"F0196191007100329","4121","E","104","CA0000001DEW","Kacangan K06 jalur 17 18 19, 0,5hk","HIGH","2019-10-12 00:00:00","BARU","0196","0","-2.86578027","112.40499033","","0196","2019-10-07 10:04:38","0196","2019-10-07 10:04:38","Y","0","","","Y"
"F0196191007093728","4121","E","103","CA0000001DEW","Brondolan K05 jalur 69","HIGH","2019-10-12 00:00:00","SELESAI","0196","100","-2.86388821","112.4086789","","0196","2019-10-07 09:37:57","0196","2019-10-09 13:12:22","Y","0","","2019-10-09 13:12:22","Y"
"F0196190912105258","4121","E","108","CA0000001DEW","Brondolan L05 jalur 81 ancak 20","HIGH","2019-09-16 00:00:00","SELESAI","0196","100","-2.86345949","112.41886529","","0196","2019-09-12 10:53:45","0196","2019-09-30 10:18:46","Y","0","","2019-09-30 10:18:46","Y"
"F0196190912104423","4121","E","109","CA0000001DEW","Kacangan dan pruning L06 jalur 79","HIGH","2019-09-19 00:00:00","SELESAI","0196","100","-2.86508794","112.41868545","","0196","2019-09-12 10:44:57","0196","2019-10-21 15:44:03","Y","0","","2019-10-21 15:44:03","Y"
"F0196190912104038","4121","E","109","CA0000002DEW","Pruning ancak 17","HIGH","2019-09-18 00:00:00","SELESAI","0196","100","-2.8661111","112.41857069","","0196","2019-09-12 10:41:01","0196","2019-09-30 11:23:54","Y","0","","2019-09-30 11:23:54","Y"
"F0196190912103253","4121","E","109","CA0000001DEW","Brondolan L06 jalur ","HIGH","2019-09-16 00:00:00","SELESAI","0196","100","-2.86659126","112.41823776","","0196","2019-09-12 10:33:30","0196","2019-09-30 11:24:16","Y","0","","2019-09-30 11:24:16","Y"
"F0196190912102545","4121","E","109","CA0000001DEW","Kacangan L06 jalur 72","MED","2019-09-18 00:00:00","SELESAI","0196","100","-2.86452325","112.41829158","","0196","2019-09-12 10:26:22","0196","2019-09-30 11:24:55","Y","0","","2019-09-30 11:24:55","Y"
"F0196190911123253","4121","E","128","CA0000002DEW","Sanitasi N10","HIGH","2019-09-28 00:00:00","BARU","0196","0","-2.87639974","112.43185063","","0196","2019-09-11 12:33:58","","2019-09-11 22:25:30","Y","0","","2019-09-30 11:25:14","Y"
"F0196190911094226","4121","E","110","CA0000001DEW","Pruning L07 jalur 34-35","HIGH","2019-09-21 00:00:00","SELESAI","0196","100","-2.8671349","112.41525738","","0196","2019-09-11 09:43:10","0196","2019-09-30 11:25:39","Y","0","","2019-09-30 11:25:39","Y"
"F0196190911093713","4121","E","110","CA0000001DEW","Kacangan L07 jalur 28 sampai 35, 2 hk","HIGH","2019-09-21 00:00:00","BARU","0196","0","-2.86713769","112.41525717","","0196","2019-09-11 09:39:37","","2019-09-11 22:25:30","Y","0","","2019-09-30 11:26:00","Y"
"F0196190911091138","4121","E","105","CA0000001DEW","Buka piringan sisipan 1 pokok K07 jalur 52","HIGH","2019-09-21 00:00:00","SELESAI","0196","100","-2.86792935","112.4072416","","0196","2019-09-11 09:12:13","0196","2019-10-15 10:32:54","Y","0","","2019-10-15 10:32:54","Y"
"F0196190911090840","4121","E","105","CA0000001DEW","Pancingan dan anak kayu K07 jalur 51 sampai 54","MED","2019-09-21 00:00:00","BARU","0196","0","-2.8675767","112.40729447","","0196","2019-09-11 09:10:23","0196","2019-09-11 09:10:23","Y","0","","2019-09-30 11:26:28","Y"
"F0196190911090058","4121","E","105","CA0000001DEW","Kacangan K07 jalur 38 sampai 50, 2hk","MED","2019-09-21 00:00:00","SELESAI","0196","100","-2.86733699","112.40685396","","0196","2019-09-11 09:03:39","0196","2019-09-30 11:27:09","Y","0","","2019-09-30 11:27:09","Y"
"F0203190911074048","4121","D","083","CA0000001DEW","Anak kayu di gawangan dan pasar pikul jalur 100","MED","","BARU","0195","0","-2.864763","112.5153908","","0203","2019-09-11 07:41:40","0203","2019-09-11 07:41:40","Y","0","","","Y"
"F0196190910162427","4121","E","106","CA0000001DEW","Rawat gawangan K08 gawangan mati antara 104 dan 105 termasuk antar pokoknya","MED","2019-09-21 00:00:00","SELESAI","0196","100","-2.87202643","112.4110857","","0196","2019-09-10 16:25:41","0196","2019-09-30 11:27:26","Y","0","","2019-09-30 11:27:26","Y"
"F0196190910161426","4121","E","106","CA0000002DEW","Buah tidak ada yang jadi. Harus sanitasi total. K08 jalur 111","MED","2019-09-14 00:00:00","SELESAI","0196","100","-2.87111486","112.41140589","","0196","2019-09-10 16:15:14","0196","2019-09-30 11:27:54","Y","0","","2019-09-30 11:27:54","Y"
"F0196190910161106","4121","E","106","CA0000002DEW","Mounding K08 jalur 111","MED","2019-09-30 00:00:00","SELESAI","0196","100","-2.87225781","112.41150811","","0196","2019-09-10 16:11:30","0196","2019-10-08 12:36:10","Y","0","","2019-10-08 12:36:10","Y"
"F0196190910113101","4121","E","119","CA0000001DEW","Kacangan dan anak kayu M08 jalur 39 sampai 42","HIGH","2019-09-30 00:00:00","BARU","0196","0","-2.87142519","112.42539666","","0196","2019-09-10 11:32:16","0196","2019-09-10 11:32:16","Y","0","","","Y"
"F0196190910112718","4121","E","119","CA0000002DEW","Mounding M08 jalur 41","MED","2019-09-30 00:00:00","SELESAI","0196","100","-2.87086872","112.42542762","","0196","2019-09-10 11:28:09","0196","2019-10-20 14:32:37","Y","0","","2019-10-20 14:32:37","Y"
"F0196190910110350","4121","E","118","CA0000001DEW","Dongkel remaja sawit M07 jalur 37","MED","2019-09-14 00:00:00","BARU","0196","0","-2.86726447","112.42531418","","0196","2019-09-10 11:04:41","0196","2019-09-10 11:04:41","Y","0","","","Y"
"F0196190909105839","4121","E","106","CA0000002DEW","Patok blok K08 jatuh ke parit","MED","2019-09-14 00:00:00","SELESAI","0196","100","-2.87267404","112.41259059","","0196","2019-09-09 11:00:30","0196","2019-09-30 11:28:29","Y","0","","2019-09-30 11:28:29","Y"
"F0196190908105354","4121","E","104","CA0000001DEW","Bersihkan loses di parit. Eks jaman dulu. Sediih lihat kayak gini. K06 jalur 65","HIGH","2019-09-14 00:00:00","SELESAI","0196","100","-2.86688119","112.40830909","","0196","2019-09-08 10:55:21","0196","2019-09-12 10:08:28","Y","0","","","Y"
"F0196190908105136","4121","E","104","CA0000002DEW","Pruning under K06 jalur 65","HIGH","2019-09-14 00:00:00","SELESAI","0196","100","-2.86636063","112.40835221","","0196","2019-09-08 10:52:09","0196","2019-09-30 11:28:46","Y","0","","2019-09-30 11:28:46","Y"
"F0196190908104720","4121","E","104","CA0000001DEW","Brondolan K06 jalur 65","HIGH","2019-09-14 00:00:00","SELESAI","0196","100","-2.86523112","112.40828915","","0196","2019-09-08 10:47:54","0196","2019-09-30 11:29:02","Y","0","","2019-09-30 11:29:02","Y"
"F0196190908104318","4121","E","104","CA0000001DEW","Brondolan tidak kutip bersih K06 jalur 65","HIGH","2019-09-14 00:00:00","SELESAI","0196","100","-2.86462057","112.40837982","","0196","2019-09-08 10:44:45","0196","2019-09-30 11:29:15","Y","0","","2019-09-30 11:29:15","Y"
"F0196190907161710","4121","E","120","CA0000001DEW","Kacangan jalur tph 30 M09","HIGH","2019-09-12 00:00:00","SELESAI","0196","100","-2.87564101","112.42518734","","0196","2019-09-07 16:18:04","0196","2019-09-30 11:29:30","Y","0","","2019-09-30 11:29:30","Y"
"F0196190907104708","4121","E","103","CA0000001DEW","Kacangan K05 jalur 86 sampai 79, 2hk","HIGH","2019-09-15 00:00:00","SELESAI","0196","100","-2.86297014","112.40974687","","0196","2019-09-07 10:48:28","0196","2019-09-11 10:38:44","Y","0","","","Y"
"F0196190907103610","4121","E","103","CA0000001DEW","Buah tinggal K05 jalur 94","HIGH","2019-09-10 00:00:00","SELESAI","0196","100","-2.86384498","112.41041137","","0196","2019-09-07 10:36:38","0196","2019-09-11 10:44:11","Y","0","","","Y"
"F0196190907092059","4121","E","110","CA0000001DEW","Kacangan L07 jalur 74 sampai 80, 2 hk","HIGH","2019-09-14 00:00:00","SELESAI","0196","100","-2.86812941","112.41834885","","0196","2019-09-07 09:23:04","0196","2019-09-10 11:59:42","Y","0","","","Y"
"F0196190906112322","4121","E","116","CA0000001DEW","Buah Busuk M05 jalur 56-57","HIGH","2019-09-12 00:00:00","SELESAI","0196","100","-2.86158106","112.42652219","","0196","2019-09-06 11:24:20","0196","2019-09-30 11:29:44","Y","0","","2019-09-30 11:29:44","Y"
"F0196190906111904","4121","E","116","CA0000002DEW","Pruningan M05 jalur 56-57","HIGH","2019-09-12 00:00:00","SELESAI","0196","100","-2.86315893","112.42653582","","0196","2019-09-06 11:19:36","0196","2019-09-30 11:30:06","Y","0","","2019-09-30 11:30:06","Y"
"F0196190906111724","4121","E","116","CA0000001DEW","Brondolan M05 jalur 56-57","HIGH","2019-09-17 00:00:00","SELESAI","0196","100","-2.86344422","112.42653212","","0196","2019-09-06 11:17:57","0196","2019-09-30 11:30:22","Y","0","","2019-09-30 11:30:22","Y"
"F0196190906110904","4121","E","116","CA0000001DEW","Dongkel anak sawit M05 jalur 65","MED","2019-09-24 00:00:00","SELESAI","0196","100","-2.86277865","112.42706613","","0196","2019-09-06 11:09:44","0196","2019-10-21 15:39:37","Y","0","","2019-10-21 15:39:37","Y"
"F0196190906110310","4121","E","116","CA0000001DEW","Kacangan M05 jalur 65","HIGH","2019-09-18 00:00:00","SELESAI","0196","100","-2.86169872","112.42705543","","0196","2019-09-06 11:03:45","0196","2019-09-30 11:30:49","Y","0","","2019-09-30 11:30:49","Y"
"F0194190906110148","4121","C","055","CA0000001DEW","Anak kayu dan lalang di Blok F12 jalur 116-117","MED","2019-09-30 00:00:00","BARU","0194","0","-2.8749297","112.3083052","","0194","2019-09-06 11:02:47","0194","2019-09-06 11:02:47","Y","0","","","Y"
"F0196190906101802","4121","E","123","CA0000002DEW","Buka piringan N07 jalur 47","HIGH","2019-09-19 00:00:00","BARU","0196","0","-2.8622985","112.43505437","","0196","2019-09-06 10:19:05","0196","2019-09-06 10:19:05","Y","0","","","Y"
"F0196190906101601","4121","E","123","CA0000001DEW","Dongkel bambu N05 jalur 47","MED","2019-09-17 00:00:00","BARU","0196","0","-2.86201716","112.4350879","","0196","2019-09-06 10:16:44","0196","2019-09-06 10:16:44","Y","0","","","Y"
"F0196190906064655","4121","E","110","CA0000001DEW","Kacangan sawit eks perumahan lama","MED","2019-09-10 00:00:00","SELESAI","0196","100","-2.86942428","112.4130266","","0196","2019-09-06 06:47:48","0196","2019-09-09 14:32:14","Y","0","","","Y"
"F0196190905095614","4121","E","115","CA0000001DEW","Garuk piringan M04 seberang","HIGH","2019-09-18 00:00:00","SELESAI","0196","100","-2.85982","112.4269222","","0196","2019-09-05 09:57:00","0196","2019-09-07 09:28:58","Y","0","","","Y"
"F0196190904105515","4121","E","109","CA0000001DEW","Kacangan jalan negara ","HIGH","2019-09-10 00:00:00","SELESAI","0196","100","-2.86525516","112.41798726","","0196","2019-09-04 10:55:56","0196","2019-09-12 10:21:59","Y","0","","","Y"
"F0113190904105155","4123","V","572","CA0000002DEW","Pokok ke 2 jalur 80 under pruming","LOW","","BARU","0217","0","-3.03641412","112.33301803","","0113","2019-09-04 10:52:29","0113","2019-09-04 10:52:29","Y","0","","","Y"
"F0196190904105040","4121","E","110","CA0000001DEW","Kacangan pinggir jalan negara dalam portal","HIGH","2019-09-10 00:00:00","SELESAI","0196","100","-2.86818769","112.41728236","","0196","2019-09-04 10:51:27","0196","2019-09-07 10:04:15","Y","0","","","Y"
"F0196190904103022","4121","E","111","CA0000002DEW","Pruning L08 jalur 30","HIGH","2019-09-12 00:00:00","SELESAI","0196","100","-2.87096352","112.41491709","","0196","2019-09-04 10:30:56","0196","2019-09-30 11:31:10","Y","0","","2019-09-30 11:31:10","Y"
"F0196190904102255","4121","E","111","CA0000001DEW","Kacangan L08 jalur 22 sampai 29","HIGH","2019-09-18 00:00:00","SELESAI","0196","100","-2.8708409","112.41441773","","0196","2019-09-04 10:23:39","0196","2019-09-11 10:08:11","Y","0","","","Y"
"F0196190904102043","4121","E","111","CA0000002DEW","Pruning L08 jalur 24-25","HIGH","2019-09-12 00:00:00","SELESAI","0196","100","-2.87115256","112.41447121","","0196","2019-09-04 10:21:47","0196","2019-09-30 11:31:48","Y","0","","2019-09-30 11:31:48","Y"
"F0196190904101532","4121","E","111","CA0000002DEW","Pruning L09 jalur 26-27","HIGH","2019-09-12 00:00:00","SELESAI","0196","100","-2.87176194","112.41444837","","0196","2019-09-04 10:15:58","0196","2019-09-30 11:32:02","Y","0","","2019-09-30 11:32:02","Y"
"F0194190904100931","4121","C","062","CA0000002DEW","Pruning under dijalur 119-118 blok G13","HIGH","2019-09-30 00:00:00","BARU","0194","0","-2.9565668","112.3615579","","0194","2019-09-04 10:10:12","0194","2019-09-04 10:10:12","Y","0","","","Y"
"F0196190904100751","4121","E","112","CA0000001DEW","CPT L09","HIGH","2019-09-11 00:00:00","SELESAI","0196","100","-2.87287448","112.41415103","","0196","2019-09-04 10:08:10","0196","2019-09-10 12:47:51","Y","0","","","Y"
"F0196190904095944","4121","E","112","CA0000002DEW","Buah tidak ada yang jadi dan busuk. L09 jalur 20-21. Cuci buah busuk","HIGH","2019-09-11 00:00:00","SELESAI","0196","100","-2.87469485","112.41412302","","0196","2019-09-04 10:00:57","0196","2019-10-19 10:12:25","Y","0","","2019-10-19 10:12:25","Y"
"F0196190904095007","4121","E","112","CA0000002DEW","Pruningan L09 jalur 14-15","HIGH","2019-09-11 00:00:00","SELESAI","0196","100","-2.87506651","112.41370754","","0196","2019-09-04 09:50:56","0196","2019-09-10 12:41:31","Y","0","","","Y"
"F0196190904094108","4121","E","112","CA0000001DEW","Pokok tertutup L09 jalur 14 kasih 2 hk","HIGH","2019-09-18 00:00:00","SELESAI","0196","100","-2.87400315","112.41374382","","0196","2019-09-04 09:42:24","0196","2019-10-19 10:20:12","Y","0","","2019-10-19 10:20:12","Y"
"F0196190904093931","4121","E","112","CA0000002DEW","Pokok gondrong K09 jalur 14","HIGH","2019-09-10 00:00:00","SELESAI","0196","100","-2.87367632","112.41370435","","0196","2019-09-04 09:40:08","0196","2019-09-10 12:52:44","Y","0","","","Y"
"F0196190904093713","4121","E","112","CA0000001DEW","CPT L09","HIGH","2019-09-09 00:00:00","SELESAI","0196","100","-2.87323208","112.41371193","","0196","2019-09-04 09:37:42","0196","2019-09-10 12:42:17","Y","0","","","Y"
"F0194190903113920","4121","C","060","CA0000012DEW","Jalan path terhalang kayu tumbang
Di jalur 66-67 G11","HIGH","2019-09-30 00:00:00","BARU","0194","0","-2.928491","112.3376067","","0194","2019-09-03 11:41:25","0194","2019-09-03 11:41:25","Y","0","","","Y"
"F0194190903113703","4121","C","060","CA0000002DEW","Pruning under di jalur 66-67 blok G11
","HIGH","2019-09-30 00:00:00","BARU","0194","0","-2.928491","112.3376067","","0194","2019-09-03 11:38:23","0194","2019-09-03 11:38:23","Y","0","","","Y"
"F0196190903111125","4121","E","111","CA0000002DEW","Pruningan L08 jalur 36-37","HIGH","2019-09-19 00:00:00","SELESAI","0196","100","-2.87141107","112.41533063","","0196","2019-09-03 11:12:07","0196","2019-09-30 11:32:21","Y","0","","2019-09-30 11:32:21","Y"
"F0196190903110824","4121","E","111","CA0000002DEW","Pruning L08 jalur 38-39","HIGH","2019-09-18 00:00:00","SELESAI","0196","100","-2.87143908","112.4153429","","0196","2019-09-03 11:10:02","0196","2019-09-11 09:53:12","Y","0","","","Y"
"F0196190903102519","4121","E","113","CA0000002DEW","Mounding pokok tumbang L10 jalur 119","HIGH","2019-09-12 00:00:00","SELESAI","0196","100","-2.87779989","112.42107111","","0196","2019-09-03 10:26:06","0196","2019-10-01 11:11:41","Y","0","","2019-10-01 11:11:41","Y"
"F0196190903102239","4121","E","113","CA0000002DEW","Servis sisipan L10 jalur 119-120","HIGH","2019-09-15 00:00:00","SELESAI","0196","100","-2.87709342","112.42104316","","0196","2019-09-03 10:23:17","0196","2019-10-08 12:18:05","Y","0","","2019-10-08 12:18:06","Y"
"F0196190903102027","4121","E","113","CA0000001DEW","Brondolan L10 jalur 119-120","HIGH","2019-09-17 00:00:00","SELESAI","0196","100","-2.87694381","112.42102969","","0196","2019-09-03 10:20:54","0196","2019-09-10 13:02:35","Y","0","","","Y"
"F0196190903101719","4121","E","113","CA0000002DEW","Pruning under L10 jalur 119-120","HIGH","2019-09-25 00:00:00","SELESAI","0196","100","-2.87608497","112.42107564","","0196","2019-09-03 10:17:50","0196","2019-09-10 13:04:23","Y","0","","","Y"
"F0196190903100832","4121","E","113","CA0000002DEW","Pruningan 4 pokok L10 jalur 113 sampai 116 tepi parit tengah","HIGH","2019-09-15 00:00:00","SELESAI","0196","100","-2.87709843","112.4206484","","0196","2019-09-03 10:10:45","0196","2019-09-10 13:09:58","Y","0","","","Y"
"F0196190903100516","4121","E","113","CA0000001DEW","Buka piringan rendahan L10 jalur 113-114","HIGH","2019-09-18 00:00:00","SELESAI","0196","100","-2.87763561","112.42060053","","0196","2019-09-03 10:06:09","0196","2019-09-10 13:13:02","Y","0","","","Y"
"F0196190903100152","4121","E","113","CA0000001DEW","Brondolan L10 jalur 113-114","HIGH","2019-09-12 00:00:00","SELESAI","0196","100","-2.8780052","112.42063985","","0196","2019-09-03 10:02:52","0196","2019-09-09 15:07:00","Y","0","","","Y"
"F0196190903095301","4121","E","114","CA0000001DEW","Imas tumbang cincang manual L11 jalur 109-110","MED","2019-09-22 00:00:00","SELESAI","0196","100","-2.87936426","112.42033775","","0196","2019-09-03 09:54:14","0196","2019-09-12 09:52:06","Y","0","","","Y"
"F0196190903094635","4121","E","114","CA0000001DEW","Dongkel remaja sawit L11 jalur 109 sampai 112","HIGH","2019-09-18 00:00:00","BARU","0196","0","-2.8812923","112.42017991","","0196","2019-09-03 09:47:20","0196","2019-09-03 09:47:20","Y","0","","","Y"
"F0196190903093756","4121","E","114","CA0000001DEW","Brondolan L11 jalur 103-104","HIGH","2019-09-11 00:00:00","SELESAI","0196","100","-2.87976322","112.41991787","","0196","2019-09-03 09:38:28","0196","2019-09-09 15:02:39","Y","0","","","Y"
"F0196190903093345","4121","E","114","CA0000001DEW","Sawit dirubung pancingan L11 jalur 103, 1hk","HIGH","2019-09-18 00:00:00","SELESAI","0196","100","-2.87885132","112.41989483","","0196","2019-09-03 09:34:33","0196","2019-09-10 17:37:55","Y","0","","","Y"
"F0196190902115317","4121","E","113","CA0000012DEW","Titi panen anjlok L10 jalur 43-44","HIGH","2019-09-24 00:00:00","SELESAI","0196","100","-2.87826146","112.41571999","","0196","2019-09-02 11:54:12","0196","2019-09-30 11:38:00","Y","0","","2019-09-30 11:38:00","Y"
"F0196190902113019","4121","E","121","CA0000012DEW","Servis titi panen M10 jalur 92 anjlok","HIGH","2019-09-25 00:00:00","BARU","0196","0","-2.87824812","112.42892502","","0196","2019-09-02 11:31:39","","2019-09-02 12:57:11","Y","0","","","Y"
"F0196190902112524","4121","E","121","CA0000002DEW","Servis pruning terlalu panjang M10 jalur 92-93","HIGH","2019-09-18 00:00:00","SELESAI","0196","100","-2.87744312","112.42897388","","0196","2019-09-02 11:26:27","0196","2019-09-05 16:43:47","Y","0","","","Y"
"F0196190902111427","4121","E","121","CA0000002DEW","Sanitasi M10 jalur 86-87","HIGH","2019-09-18 00:00:00","SELESAI","0196","100","-2.87814341","112.42853678","","0196","2019-09-02 11:15:23","0196","2019-09-05 16:38:46","Y","0","","","Y"
"F0196190902104109","4121","E","107","CA0000002DEW","Pruning K09 jalur 90","HIGH","2019-09-15 00:00:00","SELESAI","0196","100","-2.87426016","112.41001798","","0196","2019-09-02 10:41:30","0196","2019-09-09 14:41:18","Y","0","","","Y"
"F0196190902103205","4121","E","107","CA0000005DEW","Rawat pokok sisipan K09 jalur 96","HIGH","2019-09-12 00:00:00","BARU","0196","0","-2.87288203","112.41045195","","0196","2019-09-02 10:32:55","0196","2019-09-02 10:32:55","Y","0","","","Y"
"F0196190902102829","4121","E","107","CA0000002DEW","Pruning pokok fertil K09 jalur  98-99","HIGH","2019-09-10 00:00:00","SELESAI","0196","100","-2.87354303","112.41057215","","0196","2019-09-02 10:29:09","0196","2019-09-11 10:25:19","Y","0","","","Y"
"F0196190902102501","4121","E","107","CA0000002DEW","Perawatan subsiden gambut K09 jalur 98-99 dan pemberian tanda di CR","MED","2019-09-18 00:00:00","SELESAI","0196","100","-2.87400044","112.41060901","","0196","2019-09-02 10:26:19","0196","2019-09-30 11:38:25","Y","0","","2019-09-30 11:38:25","Y"
"F0196190902101633","4121","E","107","CA0000001DEW","Kutip brondolan K09 jalur 98-99","HIGH","2019-09-12 00:00:00","SELESAI","0196","100","-2.87477406","112.41051808","","0196","2019-09-02 10:17:06","0196","2019-09-09 14:47:49","Y","0","","","Y"
"F0196190902090744","4121","E","116","CA0000001DEW","Dongkel kumpulan anak sawit M05 jalur 62-63 paling parah, terus 60-61 64-65. Kayaknya sisa bibit dulu ditumpuk disini","HIGH","2019-09-18 00:00:00","SELESAI","0196","100","-2.86309157","112.42699768","","0196","2019-09-02 09:09:44","0196","2019-10-21 15:38:37","Y","0","","2019-10-21 15:38:37","Y"
"F0196190902085304","4121","E","126","CA0000001DEW","Dongkel anak sawit N08 jalur 09","HIGH","2019-09-12 00:00:00","SELESAI","0196","100","-2.87055609","112.43051642","","0196","2019-09-02 08:54:32","0196","2019-09-06 16:42:32","Y","0","","","Y"
"F0196190831104907","4121","E","106","CA0000005DEW","Buka piringan sisipan K08 jalur 101-102, 0,5 hk","HIGH","2019-09-17 00:00:00","BARU","0196","0","-2.87148768","112.4107558","","0196","2019-08-31 10:50:01","0196","2019-08-31 10:50:01","Y","0","","","Y"
"F0196190831104353","4121","E","106","CA0000001DEW","Tumbang Mbah kayu K08 jalur 101-102","MED","2019-09-11 00:00:00","SELESAI","0196","100","-2.87022003","112.41081225","","0196","2019-08-31 10:44:37","0196","2019-09-30 11:39:00","Y","0","","2019-09-30 11:39:00","Y"
"F0196190831104233","4121","E","106","CA0000001DEW","Pasar pikul tertutup K08 jalur 101-102","HIGH","2019-09-18 00:00:00","SELESAI","0196","100","-2.86999094","112.4108051","","0196","2019-08-31 10:43:17","0196","2019-09-10 12:35:22","Y","0","","","Y"
"F0196190831100728","4121","E","106","CA0000001DEW","Kacangan pinggir jalan K08 jalur 94","HIGH","2019-09-11 00:00:00","SELESAI","0196","100","-2.8699332","112.41021978","","0196","2019-08-31 10:08:50","0196","2019-09-07 14:11:21","Y","0","","","Y"
"F0192190831093943","4121","A","018","CA0000001DEW","A17 anc 23 sampai 26 path semak","HIGH","2019-09-30 00:00:00","SELESAI","0192","100","-2.8739036","112.314541","","0192","2019-08-31 09:40:15","0192","2019-09-07 08:41:43","Y","0","","","Y"
"F0216190830172843","4221","G","176","CA0000006DEW","Pokok kuning","HIGH","2019-09-30 00:00:00","BARU","0216","0","-2.88842064","112.46408339","","0216","2019-08-30 17:29:41","0216","2019-08-30 17:29:41","Y","0","","","Y"
"F0196190830112738","4121","E","104","CA0000001DEW","Pruningan K06 jalur 69 sampai 72","HIGH","2019-09-07 00:00:00","SELESAI","0196","100","-2.86642827","112.40879648","","0196","2019-08-30 11:28:47","0196","2019-09-10 12:27:16","Y","0","","","Y"
"F0196190830112440","4121","E","104","CA0000002DEW","Pruningan K06 jalur ","HIGH","2019-09-12 00:00:00","SELESAI","0196","100","-2.86642259","112.40875589","","0196","2019-08-30 11:25:40","0196","2019-09-10 12:28:48","Y","0","","","Y"
"F0196190830110855","4121","E","104","CA0000001DEW","Buah tinggal K06 jalur 73-74","HIGH","2019-09-04 00:00:00","SELESAI","0196","100","-2.86578387","112.40892501","","0196","2019-08-30 11:09:31","0196","2019-09-04 12:30:33","Y","0","","","Y"
"F0196190830110559","4121","E","104","CA0000001DEW","Kutip brondolan K06 jalur 73-74","HIGH","2019-09-06 00:00:00","SELESAI","0196","100","-2.86516422","112.40899994","","0196","2019-08-30 11:06:40","0196","2019-09-04 12:29:20","Y","0","","","Y"
"F0196190830105749","4121","E","104","CA0000002DEW","Pruning K06 jalur 82-83","HIGH","2019-09-07 00:00:00","SELESAI","0196","100","-2.86529887","112.40943648","","0196","2019-08-30 10:58:23","0196","2019-09-04 12:34:28","Y","0","","","Y"
"F0113190830105711","4123","Y","664","CA0000012DEW","Titi panen tidak ada","HIGH","","BARU","0209","0","-3.08908596","112.34327305","","0113","2019-08-30 10:57:31","0113","2019-08-30 10:57:31","Y","0","","","Y"
"F0196190830105604","4121","E","104","CA0000001DEW","Brondolan tidak kutip bersih blok K06 jalur 80-81 ","HIGH","2019-09-06 00:00:00","SELESAI","0196","100","-2.86534366","112.40942399","","0196","2019-08-30 10:56:56","0196","2019-09-04 12:36:03","Y","0","","","Y"
"F0196190830095101","4121","I","130","CA0000001DEW","Dongkel anak kayu K09 CR ","MED","2019-09-19 00:00:00","SELESAI","0196","100","-2.87544284","112.40434127","","0196","2019-08-30 09:52:57","0196","2019-10-17 10:05:00","Y","0","","2019-10-17 10:05:00","Y"
"F0192190830083236","4121","A","018","CA0000001DEW","Pasar pikul semak a17 jalur 96 pasar tengah","HIGH","2019-09-30 00:00:00","BARU","0192","0","-2.8717741","112.3111006","","0192","2019-08-30 08:33:28","0192","2019-08-30 08:33:28","Y","0","","","Y"
"F0204190829165940","4121","H","180","CA0000001DEW","Kentosan tumbuh di piringan di jalur 79&81","MED","","BARU","0222","0","-2.9565038","112.3614207","","0204","2019-08-29 17:01:01","0204","2019-08-29 17:01:01","Y","0","","","Y"
"F0200190829153503","4121","H","170","CA0000002DEW","Pokok under pruning dan pelepah sengkleh ada 8 pokok","MED","","BARU","0222","0","-2.9312006","112.394353","","0200","2019-08-29 15:36:02","0200","2019-08-29 15:36:02","Y","0","","","Y"
"F0187190829152018","4221","B","034","CA0000002DEW","Pokok Giant perlu di tumbang","LOW","2019-09-25 00:00:00","BARU","0187","0","-2.8415674372086097","112.32027790019832","","0187","2019-08-29 15:20:59","0187","2019-08-29 15:20:59","Y","0","","","Y"
"F0200190829151448","4121","H","170","CA0000002DEW","Pokok up normal  ","MED","","BARU","0222","0","-2.9524716","112.3555708","","0200","2019-08-29 15:15:55","0200","2019-08-29 15:15:55","Y","0","","","Y"
"F0196190829123730","4121","E","122","CA0000002DEW","Dongkel bambu N04","MED","2019-09-06 00:00:00","SELESAI","0196","100","-2.85907712","112.4344792","","0196","2019-08-29 12:38:13","0196","2019-09-07 09:34:00","Y","0","","","Y"
"F0196190829120241","4121","E","125","CA0000001DEW","Kacangan N07 jalur 8 sampai 14, 2 hk","HIGH","2019-09-28 00:00:00","SELESAI","0196","100","-2.8684261","112.43089062","","0196","2019-08-29 12:03:42","0196","2019-09-30 11:39:28","Y","0","","2019-09-30 11:39:28","Y"
"F0196190829115247","4121","E","125","CA0000001DEW","Lalang N07","HIGH","2019-09-20 00:00:00","BARU","0196","0","-2.86791953","112.43132588","","0196","2019-08-29 11:53:03","0196","2019-08-29 11:53:03","Y","0","","","Y"
"F0196190829114428","4121","E","125","CA0000002DEW","Pokok tumbang N07 jalur 17-18, di monding dan pruning habis bawah, 1 hk","MED","2019-09-28 00:00:00","SELESAI","0196","100","-2.87008759","112.43121745","","0196","2019-08-29 11:47:11","0196","2019-09-12 11:46:36","Y","0","","","Y"
"F0196190829114231","4121","E","125","CA0000001DEW","Kacangan N07 jalur 20 sampai 25, 2 hk","HIGH","2019-09-28 00:00:00","SELESAI","0196","100","-2.87013441","112.43136956","","0196","2019-08-29 11:43:44","0196","2019-09-06 16:46:56","Y","0","","","Y"
"F0113190829113239","4123","V","563","CA0000002DEW","Teknis panen, buah matahari","LOW","","BARU","0217","0","-3.00900287","112.33427455","","0113","2019-08-29 11:33:22","0113","2019-08-29 11:33:22","Y","0","","","Y"
"F0196190829112645","4121","E","126","CA0000001DEW","Pokok gondrong dan buah tinggal sepanjang peringgan N08 blok bantu (23)","HIGH","2019-09-28 00:00:00","BARU","0196","0","-2.87395309","112.43153575","","0196","2019-08-29 11:28:24","0196","2019-08-29 11:28:24","Y","0","","","Y"
"F0196190829111432","4121","E","126","CA0000001DEW","Rawat gawangan N08 jalur 29-30, 3 hk","MED","2019-09-20 00:00:00","BARU","0196","0","-2.87128013","112.43195648","","0196","2019-08-29 11:15:28","0196","2019-08-29 11:15:28","Y","0","","","Y"
"F0196190828162637","4121","E","111","CA0000001DEW","Kacangan L08 jalur 18 sampai 21","HIGH","2019-09-21 00:00:00","SELESAI","0196","100","-2.87054663","112.41417661","","0196","2019-08-28 16:27:16","0196","2019-09-30 11:37:08","Y","0","","2019-09-30 11:37:08","Y"
"F0196190828102810","4121","E","124","CA0000001DEW","Pelepah berserak N06 jalur 14-15 masuk tph 22","HIGH","2019-09-21 00:00:00","SELESAI","0196","100","-2.86670561","112.43120406","","0196","2019-08-28 10:29:30","0196","2019-09-30 11:36:53","Y","0","","2019-09-30 11:36:53","Y"
"F0196190828101647","4121","E","124","CA0000001DEW","Sanitasi N06 jalur 8-9","HIGH","2019-09-21 00:00:00","SELESAI","0196","100","-2.86562805","112.43078207","","0196","2019-08-28 10:17:28","0196","2019-09-30 11:36:40","Y","0","","2019-09-30 11:36:40","Y"
"F0196190828100958","4121","E","124","CA0000001DEW","Kutip tidak bersih jalur 8-9 N06","HIGH","2019-09-28 00:00:00","SELESAI","0196","100","-2.86529105","112.43079617","","0196","2019-08-28 10:10:36","0196","2019-09-30 11:36:16","Y","0","","2019-09-30 11:36:16","Y"
"F0196190828100721","4121","E","124","CA0000002DEW","Pelepah berserakan ancak semua jalur (8-9) N06","HIGH","2019-09-28 00:00:00","SELESAI","0196","100","-2.86510362","112.43076803","","0196","2019-08-28 10:08:39","0196","2019-09-30 11:36:02","Y","0","","2019-09-30 11:36:02","Y"
"F0192190828100458","4121","A","020","CA0000001DEW","Anak kayu digawangan jalur 58 a19/18 pokok ke 5","MED","2019-09-30 00:00:00","BARU","0192","0","-2.873392","112.3113506","","0192","2019-08-28 10:06:15","","2019-08-29 09:19:42","Y","0","","","Y"
"F0196190828100439","4121","E","124","CA0000001DEW","Perlu path timbun mekanis N06 areal selalu banjir","HIGH","2019-10-12 00:00:00","BARU","0196","0","-2.8651068","112.43077862","","0196","2019-08-28 10:06:05","0196","2019-08-28 10:06:05","Y","0","","","Y"
"F0196190828092607","4121","E","111","CA0000001DEW","Kacangan naik sawit L8 jalur 85 sampai 91, kasih 1 HK","HIGH","2019-09-14 00:00:00","SELESAI","0196","100","-2.87021986","112.41910604","","0196","2019-08-28 09:28:11","0196","2019-09-10 11:55:25","Y","0","","","Y"
"F0199190828080306","4121","J","199","IF0000005DEW","Blok L28 di tengah blok ada parit alam yg anak kayunya cukup semak.perlu di lakukan oles anak kayu.dan perlu juga Titi panen.","HIGH","2019-08-30 00:00:00","BARU","0199","0","-2.9524716","112.3555708","","0199","2019-08-28 08:11:22","0199","2019-08-28 08:11:22","Y","0","","","Y"
"F0196190827154526","4121","E","108","CA0000002DEW","Pruning gondrong L05 jalur 46-47","HIGH","2019-09-14 00:00:00","SELESAI","0196","100","-2.86245999","112.4162331","","0196","2019-08-27 15:46:27","0196","2019-09-09 14:12:00","Y","0","","","Y"
"F0196190827115631","4121","E","119","CA0000001DEW","Buka kacangan M08 jalur 76-77","HIGH","2019-09-21 00:00:00","BARU","0196","0","-2.87331555","112.42774114","","0196","2019-08-27 11:57:14","0196","2019-08-27 11:57:14","Y","0","","","Y"
"F0135190827100939","4122","S","432","CA0000001DEW","Pruning Under jalur 95/96","MED","2019-09-30 00:00:00","BARU","0135","0","-2.9522863","112.3548957","","0135","2019-08-27 10:11:36","0135","2019-10-08 10:59:18","Y","0","","","Y"
"F0196190827093031","4121","E","128","CA0000002DEW","Harus dibuat path timbun karena musim hujan selalu tergenang N10","HIGH","2019-09-30 00:00:00","SELESAI","0196","100","-2.8773339","112.43083616","","0196","2019-08-27 09:31:43","0196","2019-09-11 12:32:19","Y","0","","","Y"
"F0196190827092646","4121","E","128","CA0000001DEW","Semprot Lalang N10","HIGH","2019-09-21 00:00:00","BARU","0196","0","-2.87702515","112.43082176","","0196","2019-08-27 09:27:09","0196","2019-08-27 09:27:09","Y","0","","","Y"
"F0196190826134125","4121","E","110","CA0000001DEW","Kacangan naik sawit pakkkk
Pinggir jalan negara. Malu woyy diliat  orang. L07","HIGH","2019-09-14 00:00:00","SELESAI","0196","100","-2.86750451","112.41781516","","0196","2019-08-26 13:42:45","0196","2019-09-03 11:56:51","Y","0","","","Y"
"F0217190826132021","4123","V","574","CA0000012DEW","Gorong-gorong belum di rakit","MED","2019-09-30 00:00:00","BARU","0217","0","-3.0083652","112.345925","","0217","2019-08-26 13:22:03","","2019-08-26 14:25:07","Y","0","","","Y"
"F0196190826131357","4121","E","110","CA0000001DEW","Semprot Lalang L7","HIGH","2019-09-30 00:00:00","BARU","0196","0","-2.86800419","112.4190286","","0196","2019-08-26 13:14:19","0196","2019-08-26 13:14:19","Y","0","","","Y"
"F0196190826130831","4121","E","110","CA0000002DEW","Under pruning L07 jalur 76-77","HIGH","2019-08-31 00:00:00","SELESAI","0196","100","-2.86738689","112.41849089","","0196","2019-08-26 13:09:02","0196","2019-08-28 09:11:57","Y","0","","","Y"
"F0196190826130243","4121","E","110","CA0000002DEW","Pruning under L07 jalur 76-77","HIGH","2019-08-31 00:00:00","SELESAI","0196","100","-2.86869441","112.41846562","","0196","2019-08-26 13:03:42","0196","2019-08-28 09:17:45","Y","0","","","Y"
"F0196190826130016","4121","E","110","CA0000001DEW","Buah Busuk L07 jalur 76-77","HIGH","2019-08-31 00:00:00","SELESAI","0196","100","-2.86906171","112.41842425","","0196","2019-08-26 13:00:52","0196","2019-08-28 09:19:53","Y","0","","","Y"
"F0196190826125840","4121","E","110","CA0000001DEW","CPT L7","HIGH","2019-09-14 00:00:00","SELESAI","0196","100","-2.86926167","112.41845299","","0196","2019-08-26 12:59:03","0196","2019-09-07 09:16:24","Y","0","","","Y"
"F0204190826112447","4121","I","146","CA0000002DEW","Pokok under prunning di baris 61","HIGH","","BARU","0198","0","-2.9521812","112.3555708","","0204","2019-08-26 11:25:37","0204","2019-08-26 11:25:37","Y","0","","","Y"
"F0196190826105211","4121","E","107","CA0000002DEW","Pruningan under dan buah busuk","HIGH","2019-08-31 00:00:00","SELESAI","0196","100","-2.87362201","112.4085663","","0196","2019-08-26 10:52:42","0196","2019-08-30 10:00:57","Y","0","","","Y"
"F0196190826104654","4121","E","107","CA0000002DEW","Pruningan K09 jalur 70-71","HIGH","2019-08-31 00:00:00","SELESAI","0196","100","-2.87495225","112.40856253","","0196","2019-08-26 10:47:22","0196","2019-08-30 09:59:02","Y","0","","","Y"
"F0196190826104415","4121","E","107","CA0000001DEW","Buah matahari K09 jalur 70-71","HIGH","2019-08-31 00:00:00","SELESAI","0196","100","-2.87539405","112.40860427","","0196","2019-08-26 10:45:04","0196","2019-08-30 09:57:11","Y","0","","","Y"
"F0196190826103902","4121","E","107","CA0000002DEW","Pruning under dari arah K10, blok K09 jalur 62-63","HIGH","2019-08-31 00:00:00","SELESAI","0196","100","-2.87518226","112.40803501","","0196","2019-08-26 10:39:57","0196","2019-08-30 10:32:40","Y","0","","","Y"
"F0196190826103457","4121","E","107","CA0000001DEW","Brondolan tidak dikutip bersih K09 jalur 62-63","HIGH","2019-08-31 00:00:00","SELESAI","0196","100","-2.87403931","112.40805421","","0196","2019-08-26 10:35:34","0196","2019-08-30 10:34:30","Y","0","","","Y"
"F0196190826103238","4121","E","107","CA0000002DEW","Pruning under K09 jalur 62-63","HIGH","2019-08-31 00:00:00","SELESAI","0196","100","-2.87375209","112.40803478","","0196","2019-08-26 10:33:19","0196","2019-08-30 10:39:59","Y","0","","","Y"
"F0196190826102913","4121","E","107","CA0000001DEW","Brondolan kutip tidak bersih K09 jalur 62-63","HIGH","2019-08-31 00:00:00","SELESAI","0196","100","-2.87343753","112.40803875","","0196","2019-08-26 10:30:03","0196","2019-08-30 10:30:31","Y","0","","","Y"
"F0196190826102103","4121","E","107","CA0000001DEW","Semprot CPT K09","HIGH","2019-09-14 00:00:00","BARU","0196","0","-2.8726723","112.40803694","","0196","2019-08-26 10:21:37","0196","2019-08-26 10:21:37","Y","0","","","Y"
"F0196190824111155","4121","E","106","CA0000001DEW","Dongkel dan cincang Mbah kayu K09 jalur 102","MED","2019-09-30 00:00:00","SELESAI","0196","100","-2.87111168","112.4107716","","0196","2019-08-24 11:12:39","0196","2019-09-30 11:31:30","Y","0","","2019-09-30 11:31:30","Y"
"F0196190824110242","4121","E","106","CA0000001DEW","Dongkel Anak Sawit K08 jalur 114","HIGH","2019-08-31 00:00:00","SELESAI","0196","100","-2.87244545","112.41157017","","0196","2019-08-24 11:03:24","0196","2019-09-10 16:29:30","Y","0","","","Y"
"F0196190824105807","4121","E","106","CA0000001DEW","CPT","HIGH","2019-09-30 00:00:00","BARU","0196","0","-2.87051773","112.41163465","","0196","2019-08-24 10:58:25","0196","2019-08-24 10:58:25","Y","0","","","Y"
"F0196190824095207","4121","E","127","CA0000001DEW","Rehab total N09 jalur 21 dan jalur lainnya ","HIGH","2019-09-30 00:00:00","SELESAI","0196","100","-2.87450598","112.43101219","","0196","2019-08-24 09:52:53","0196","2019-09-30 11:40:05","Y","0","","2019-09-30 11:40:05","Y"
"F0196190824094233","4121","E","127","CA0000001DEW","Semprot lalang N09 jalur 14-15","HIGH","2019-09-14 00:00:00","BARU","0196","0","-2.87467072","112.43080801","","0196","2019-08-24 09:43:19","0196","2019-08-24 09:43:19","Y","0","","","Y"
"F0196190824093839","4121","E","127","CA0000001DEW","Buka piringan sisipan N09 jalur 14-15 (masuk dekat pokok dongkel Eksa) ","HIGH","2019-09-14 00:00:00","SELESAI","0196","100","-2.87545539","112.4307849","","0196","2019-08-24 09:40:28","0196","2019-09-07 16:36:10","Y","0","","","Y"
"F0196190824091021","4121","E","103","CA0000001DEW","Akses tertutup gulma K05 jalur 96","HIGH","2019-08-31 00:00:00","SELESAI","0196","100","-2.86285748","112.41056713","","0196","2019-08-24 09:11:21","0196","2019-08-27 15:04:52","Y","0","","","Y"
"F0223190823152713","4122","K","291","CA0000001DEW","Titi panen tidak ada, pasar pikul tadi tutup pelepah semua","HIGH","","BARU","0106","0","-2.9525394","112.3549422","","0223","2019-08-23 15:27:45","0223","2019-08-23 15:27:45","Y","0","","","Y"
"F0196190823084313","4121","E","104","CA0000002DEW","Kacangan naik sawit K6 jalur 61","HIGH","2019-08-31 00:00:00","SELESAI","0196","100","-2.8640948","112.4080577","","0196","2019-08-23 08:44:35","0196","2019-08-27 16:19:07","Y","0","","","Y"
"F0196190822123233","4121","E","128","CA0000002DEW","Perlu buat path N10","HIGH","2019-08-31 00:00:00","SELESAI","0196","100","-2.8760586","112.4324846","","0196","2019-08-22 12:35:08","0196","2019-09-03 16:10:50","Y","0","","","Y"
"F0196190822105749","4121","E","121","CA0000002DEW","Pokok terlilit kacangan blok M10
Jalur 34-35","HIGH","2019-08-22 00:00:00","SELESAI","0196","100","-2.87629","112.4249842","","0196","2019-08-22 10:59:41","0196","2019-08-24 10:07:05","Y","0","","","Y"
"F0200190820134214","4121","D","091","CA0000002DEW","Pokok upnormal abortus lakukan TO","HIGH","2019-08-26 00:00:00","SELESAI","0195","100","-2.8672563","112.2806878","","0200","2019-08-20 13:43:00","0195","2019-08-26 10:05:32","Y","3","Thanks U","","Y"
"F0200190820120418","4121","D","092","CA0000001DEW","Sawangan masih terdapat anak kayu dan kentosan","HIGH","2019-09-04 00:00:00","SELESAI","0195","100","-2.9255414","112.3396714","","0200","2019-08-20 12:04:51","0195","2019-09-04 10:19:12","Y","3","Good","","Y"
"F0203190820115940","4121","A","024","CA0000001DEW","Anak sawit dan anak kayu di piringan","MED","2019-12-10 00:00:00","BARU","0192","0","-2.8938064","112.3168195","","0203","2019-08-20 12:00:31","0192","2019-08-20 16:21:48","Y","0","","","Y"
"F0200190820113912","4121","D","092","CA0000001DEW","Sektoral, areal kosong anak kayu tinggi, perlu tebas oles dan masih terdapat kentosan","HIGH","2019-09-04 00:00:00","SELESAI","0195","100","-2.9526865","112.3551826","","0200","2019-08-20 11:40:55","0195","2019-09-04 10:11:10","Y","3","","","Y"
"F0203190820110820","4121","B","045","CA0000001DEW","Anak sawit di piringan dan berondolan busuk","MED","2019-09-10 00:00:00","SELESAI","0193","100","-2.9274304","112.3353354","","0203","2019-08-20 11:09:50","0193","2019-09-10 09:06:55","Y","3","Cek di ancak yg lainnya juga","","Y"
"F0196190820105458","4121","E","111","CA0000001DEW","Kacangan naik pokok L8 jalur 37","HIGH","2019-08-31 00:00:00","SELESAI","0196","100","-2.87143775","112.41542312","","0196","2019-08-20 10:55:35","0196","2019-09-03 11:07:02","Y","0","","","Y"
"F0196190820104153","4121","E","111","CA0000002DEW","Brondolqn tidak dikutip bersih L8 jalur 49","HIGH","2019-08-24 00:00:00","SELESAI","0196","100","-2.87235291","112.41614606","","0196","2019-08-20 10:42:51","0196","2019-08-24 09:05:29","Y","0","","","Y"
"F0196190820104005","4121","E","111","CA0000002DEW","Under pruning L8 jalur 48","HIGH","2019-08-31 00:00:00","SELESAI","0196","100","-2.87255398","112.41611081","","0196","2019-08-20 10:40:42","0196","2019-08-24 09:02:38","Y","0","","","Y"
"F0196190820102707","4121","E","112","CA0000002DEW","Pokok gondrong L9 jalur 95","HIGH","2019-08-31 00:00:00","SELESAI","0196","100","-2.87522852","112.41924501","","0196","2019-08-20 10:27:57","0196","2019-08-24 08:55:45","Y","0","","","Y"
"F0113190820083053","4123","V","577","CA0000006DEW","Potongan buah dibuang di path dan tidak habis diambil brondolannya","MED","","BARU","0217","0","-3.01769794","112.33778682","","0113","2019-08-20 08:31:56","0113","2019-08-20 08:31:56","Y","0","","","Y"
"F0218190819134229","4122","K","285","CA0000012DEW","Jembatan berlubang,gorong gorong Aramco (2 set),timbun latrit","MED","2019-08-25 00:00:00","BARU","0218","0","-2.9270828","112.3199152","","0218","2019-08-19 13:44:22","","2019-08-19 15:20:55","Y","0","","","Y"
"F0113190819102138","4123","X","636","CA0000006DEW","Tabloid satu tumpuk di E69/70","MED","2019-08-27 00:00:00","SELESAI","0113","100","-3.0425044","112.3464018","","0113","2019-08-19 10:23:08","0113","2019-08-29 11:11:38","Y","0","","","Y"
"F0217190819100923","4123","X","637","CA0000010DEW","Kondisi path banjir dan belum terbuka seluas 4 ha","MED","2019-12-31 00:00:00","BARU","0217","0","-3.0439903","112.3474719","","0217","2019-08-19 10:13:20","","2019-08-19 18:22:24","Y","0","","","Y"
"F0209190819100920","4123","X","637","CA0000010DEW","Kondisi path banjir, path perlu mekanisasi dan mounding pokok dan path timbun 4 ha","MED","2019-12-31 00:00:00","BARU","0209","0","-3.0439825","112.3474355","","0209","2019-08-19 10:11:38","","2019-08-19 20:42:03","Y","0","","","Y"
"F0196190819095437","4121","E","113","CA0000002DEW","Pruning rehab L10, jalur 82","HIGH","2019-08-31 00:00:00","SELESAI","0196","100","-2.87618127","112.41842064","","0196","2019-08-19 09:56:04","0196","2019-09-02 08:20:40","Y","0","","","Y"
"F0196190819095222","4121","E","113","CA0000001DEW","Semprot CPT L10, jalur 82","HIGH","2019-08-31 00:00:00","SELESAI","0196","100","-2.87595391","112.41839941","","0196","2019-08-19 09:53:22","0196","2019-08-30 09:34:52","Y","0","","","Y"
"F0209190819094854","4123","X","637","CA0000002DEW","Under prunning ","HIGH","2019-08-26 00:00:00","BARU","0209","0","-3.0447582","112.3454068","","0209","2019-08-19 09:50:01","","2019-08-19 20:42:03","Y","0","","","Y"
"F0209190819093934","4123","X","637","CA0000001DEW","Ada anak kayu","LOW","2019-08-21 00:00:00","BARU","0209","0","-3.0429905","112.3454395","","0209","2019-08-19 09:41:45","","2019-08-19 20:42:03","Y","0","","","Y"
"F0196190819093532","4121","E","113","CA0000001DEW","Buka piringan L10, jalur  73","HIGH","2019-08-31 00:00:00","SELESAI","0196","100","-2.87686234","112.41780918","","0196","2019-08-19 09:36:43","0196","2019-08-30 09:44:15","Y","0","","","Y"
"F0196190819092926","4121","E","113","CA0000001DEW","Piringan mulai semak gulma L10 jalur 73, perlu semprot CPT","MED","2019-08-31 00:00:00","SELESAI","0196","100","-2.87794051","112.4177837","","0196","2019-08-19 09:30:59","0196","2019-08-30 09:45:09","Y","0","","","Y"
"F0196190819091726","4121","E","114","CA0000002DEW","Under pruning L11, jalur 64","HIGH","2019-08-31 00:00:00","SELESAI","0196","100","-2.87914566","112.41710237","","0196","2019-08-19 09:18:43","0196","2019-08-24 08:48:33","Y","0","","","Y"
"F0196190819090339","4121","E","114","CA0000002DEW","Under pruning L11, jalur 55","HIGH","2019-08-31 00:00:00","SELESAI","0196","100","-2.8795338","112.41649866","","0196","2019-08-19 09:04:23","0196","2019-08-24 08:24:55","Y","0","","","Y"
"F0196190819090058","4121","E","114","CA0000002DEW","Under pruning L11 jalur 55","HIGH","2019-08-31 00:00:00","SELESAI","0196","100","-2.87918711","112.41650127","","0196","2019-08-19 09:02:00","0196","2019-08-24 08:23:14","Y","0","","","Y"
"F0196190819085514","4121","E","114","CA0000001DEW","Dongkel remaja sawit L11 jalur 55","MED","2019-08-31 00:00:00","SELESAI","0196","100","-2.87880115","112.41652489","","0196","2019-08-19 08:56:53","0196","2019-08-21 16:12:17","Y","0","","","Y"
"F0218190819074311","4121","A","013","IF0000003DEW","Jalan probase berlubang ,sisip latrit ,grading & Compact","HIGH","2019-08-22 00:00:00","SELESAI","0218","100","-2.8797017","112.3194394","","0218","2019-08-19 07:46:07","0218","2019-08-20 08:23:24","Y","0","","","Y"
"F0204190815171659","4121","H","171","CA0000002DEW","Under printing di baris 55 pokok ke8 dari selatan","HIGH","2019-08-24 00:00:00","BARU","0204","0","-2.8650204","112.5150123","","0204","2019-08-15 17:17:59","0204","2019-08-20 15:34:44","Y","0","","","Y"
"F0204190815171109","4121","H","171","CA0000002DEW","Pelepah sengkleh di baris 55 pokok ke 11 dari utara","MED","2019-08-24 00:00:00","BARU","0204","0","-2.9434362","112.3697129","","0204","2019-08-15 17:13:32","0204","2019-08-15 17:13:32","Y","0","","","Y"
"F0208190815165447","4123","R","479","CA0000012DEW","Tidak no TPH","HIGH","2019-08-31 00:00:00","BARU","0208","0","-2.9665348","112.3530158","","0208","2019-08-15 16:56:22","","2019-08-15 18:06:12","Y","0","","","Y"
"F0207190815164524","4123","R","479","CA0000001DEW","Kentosan di piringan, harus segera di lakukan dongkel","MED","","BARU","0221","0","-2.9686513","112.3529608","","0207","2019-08-15 16:48:27","","2019-08-15 18:06:07","Y","0","","","Y"
"F0205190815164628","4123","R","479","CA0000002DEW","Pokok under prunning","MED","","BARU","0221","0","-2.9684511","112.3530668","","0205","2019-08-15 16:47:29","","2019-08-15 18:06:06","Y","0","","","Y"
"F0214190815164455","4123","R","479","CA0000001DEW","Pasar pikul tertutup neprolephis segera di buka dan di rapikan","HIGH","","BARU","0221","0","-2.9689969","112.3529447","","0214","2019-08-15 16:46:40","","2019-08-15 18:06:06","Y","0","","","Y"
"F0210190815160620","4123","V","575","CA0000002DEW","Pruning Belum standar","HIGH","","BARU","0217","0","-3.0116433","112.3402029","","0210","2019-08-15 16:07:09","","2019-08-15 21:28:06","Y","0","","","Y"
"F0118190724164931","6421","K","237","CA0000003DEW","Hatchery utk membentuk larva dan serangga-serangga yang akan membantu proses pembuahan.
Pastikan polen setiap 5 hari dipantau dan tambahkan.
Polenisasi baru terjadi saat kumbang yang jadi mencari makan dan melakukan pembuahan karena harum bunga betina sama seperti bau polen","MED","","BARU","0166","0","1.4754793","117.1238775","","0118","2019-07-24 16:52:19","","2019-07-24 18:18:41","Y","0","null","","Y"
"F0118190724154600","6421","I","197","CA0000001DEW","Kondisi tanaman terbelit gulma dan anak kayu. Agar menjadi perhatian","MED","","BARU","0156","0","1.5147363","117.1544378","","0118","2019-07-24 15:47:27","","2019-07-24 18:18:41","Y","0","null","","Y"
"F0118190724154153","6421","I","197","CA0000001DEW","Kondisi pokok sudah dimakan gulma. Agar menjadi perhatian","HIGH","","BARU","0156","0","1.5147911","117.154479","","0118","2019-07-24 15:43:03","","2019-07-24 18:18:41","Y","0","null","","Y"
"F0118190724143443","6421","I","197","CA0000007DEW","Pembuka review afdeling OI aapa.
Pareto masalah:
1. Produksi per block 105 pkk/ha
2. Banyak anak kayu
3. Perbaikan akses jalan","LOW","","BARU","0156","0","1.5142054","117.1557403","","0118","2019-07-24 14:38:16","","2019-07-24 18:18:41","Y","0","null","","Y"
"F0118190724120035","6421","F","127","CA0000009DEW","Progres pembangunan Mill aapa 20190724","MED","2019-07-31 00:00:00","SEDANG DIPROSES","0118","75","1.5403041","117.1877197","","0118","2019-07-24 12:01:57","0118","2019-07-24 18:49:08","Y","0","null","","Y"
"F0118190724094955","6421","F","147","CA0000003DEW","Kendaraan semprot chemical di afdeling OE .hanya sebagai informasi","LOW","","BARU","0163","0","1.5113154","117.1956987","","0118","2019-07-24 09:52:16","","2019-07-24 13:40:09","Y","0","null","","Y"
"F0118190724075247","6421","A","019","CA0000009DEW","Lokasi briefing doi afdeling A sebelum masuk block untuk genba (tidak ada temuan khusus dan dapat ditutup case temuannya)","MED","","BARU","0168","0","1.6127201","117.1758038","","0118","2019-07-24 07:55:43","","2019-07-24 13:40:08","Y","0","null","","Y"
"F0118190724060452","6421","B","037","CA0000009DEW","Anugerah afdeling bravo melakukan perubahan kaveld panen, dari berbasis ancak ke baris","LOW","","BARU","0165","0","1.5700168","117.1924221","","0118","2019-07-24 06:06:35","","2019-07-24 13:40:08","Y","0","null","","Y"
"F0118190724054736","6421","B","037","CA0000009DEW","Penjelasan kaveld panen di afdeling bravo","MED","","BARU","0165","0","1.569993","117.1923853","","0118","2019-07-24 05:49:09","","2019-07-24 13:40:08","Y","0","null","","Y"
"F0118190724053433","6421","B","037","CA0000009DEW","Genba di afdeling B, briefing pagi bersama karyawan","MED","2019-07-31 00:00:00","SEDANG DIPROSES","0118","75","1.5699564","117.1924274","","0118","2019-07-24 05:36:22","0118","2019-07-24 18:49:16","Y","0","null","","Y"
"F0118190724053026","6421","B","037","CA0000009DEW","Situasi genba di afdeling bravo. Apel pagi bersama karyawan.","LOW","","BARU","0165","0","1.5699656","117.1924095","","0118","2019-07-24 05:31:49","","2019-07-24 13:40:08","Y","0","null","","Y"
"F0118190724042430","6421","D","077","CA0000009DEW","Papan monitoring yang kreatif, spanduk dialas mika sehingga tetap bersih dan enak dibaca dan di-update oleh petugasnya","MED","2019-07-31 00:00:00","SEDANG DIPROSES","0118","75","1.5531033","117.2071078","","0118","2019-07-24 04:29:33","0118","2019-07-24 18:49:23","Y","0","null","","Y"
"F0108190703111959","4122","M","361","CA0000002DEW","Jalur ancak 5","MED","2019-07-31 00:00:00","BARU","0108","0","-2.9394524","112.3959807","","0108","2019-07-03 11:33:33","0108","2019-07-03 11:33:33","Y","0","null","","Y"
"F0114190703113054","4122","M","360","CA0000009DEW","Pruningan pokok 24","HIGH","","BARU","0108","0","0","0","","0114","2019-07-03 11:31:22","0114","2019-07-03 11:31:22","Y","0","null","","Y"
"F0114190703112111","4122","M","360","CA0000009DEW","Titi panen","HIGH","","BARU","0108","0","0","0","","0114","2019-07-03 11:21:42","0114","2019-07-03 11:21:42","Y","0","null","","Y"
"F0114190703105040","4122","M","361","CA0000009DEW","Pruning under ","HIGH","","BARU","0108","0","0","0","","0114","2019-07-03 10:51:15","0114","2019-07-03 10:51:15","Y","0","null","","Y"
"F0114190703103620","4122","M","361","CA0000001DEW","Anak Sawit pokok ke 2","HIGH","","BARU","0108","0","0","0","","0114","2019-07-03 10:36:41","0114","2019-07-03 10:36:41","Y","0","null","","Y"
"F0114190702162527","4122","M","347","CA0000001DEW","Anak kayu di pokok ke 2","HIGH","","BARU","0108","0","0","0","","0114","2019-07-02 16:25:49","0114","2019-07-02 16:25:49","Y","0","null","","Y"
"F0114190702161937","4122","M","347","CA0000001DEW","Anak kayu pokok ke 11","HIGH","","BARU","0108","0","0","0","","0114","2019-07-02 16:20:06","0114","2019-07-02 16:20:06","Y","0","null","","Y"
"F0114190702160532","4122","M","347","CA0000001DEW","Anak kayu do pokok ke 24","HIGH","","BARU","0108","0","0","0","","0114","2019-07-02 16:06:07","0114","2019-07-02 16:06:07","Y","0","null","","Y"
"F0114190702155353","4122","M","347","CA0000001DEW","Anak kayu do pokok ke 10","HIGH","","BARU","0108","0","0","0","","0114","2019-07-02 15:54:15","0114","2019-07-02 15:54:15","Y","0","null","","Y"
"F0126190701111324","4122","1","241","CA0000001DEW","Pasar pikul semak","HIGH","2019-07-31 00:00:00","BARU","0126","0","0","0","","0126","2019-07-01 11:14:06","0126","2019-07-01 11:14:06","Y","0","null","","Y"
"F0114190629111251","4122","F","232","CA0000001DEW","Anak Sawit pokok ke 15","HIGH","","BARU","0127","0","0","0","","0114","2019-06-29 11:13:21","0114","2019-06-29 11:13:21","Y","0","null","","Y"
"F0114190628105111","4122","F","212","CA0000009DEW","Pruningan under pokok ke 8 Dan seputaran","HIGH","","BARU","0127","0","0","0","","0114","2019-06-28 10:52:05","0114","2019-06-28 10:52:05","Y","0","null","","Y"
"F0113190627144901","4122","O","383","CA0000001DEW","Mucuna sudah banyak melilit pokok","MED","","BARU","0110","0","0","0","","0113","2019-06-27 14:49:29","0113","2019-06-27 14:49:29","Y","0","null","","Y"
"F0114190620085737","4122","K","298","CA0000001DEW","Anak kayu & anak sawit pokok ke 29&30","HIGH","","BARU","0106","0","0","0","","0114","2019-06-20 08:58:12","0114","2019-06-20 08:58:12","Y","0","null","","Y"
"F0114190620085458","4122","K","298","CA0000001DEW","Anak sawit ","HIGH","","BARU","0106","0","0","0","","0114","2019-06-20 08:55:21","0114","2019-06-20 08:55:21","Y","0","null","","Y"
"F0114190620084557","4122","K","298","CA0000001DEW","Anak sawit pokok 33 & 34","HIGH","","BARU","0106","0","0","0","","0114","2019-06-20 08:46:25","0114","2019-06-20 08:46:25","Y","0","null","","Y"
"F0114190620083133","4122","K","297","CA0000001DEW","Anak sawit pokok ke 2&3","HIGH","","BARU","0106","0","0","0","","0114","2019-06-20 08:32:13","0114","2019-06-20 08:32:13","Y","0","null","","Y"
"F0113190618114817","4122","L","340","CA0000001DEW","Banyak anak kayu di path, segera lakukan spot lspraying","MED","","BARU","0107","0","0","0","","0113","2019-06-18 11:48:45","0113","2019-06-18 11:48:45","Y","0","null","","Y"
"F0113190618113547","4122","L","339","CA0000001DEW","Jalur 21 dari 32/31 antara pokok 8 dan 9 terdapat anak kayu. Segera lakukan oles anak kayu","MED","","BARU","0107","0","0","0","","0113","2019-06-18 11:37:00","0113","2019-06-18 11:37:00","Y","0","null","","Y"
"F0114190617155318","4122","L","337","CA0000009DEW","Pokok oper pruning jalur 51","HIGH","","BARU","0107","0","0","0","","0114","2019-06-17 15:54:08","0114","2019-06-17 15:54:08","Y","0","null","","Y"
"F0114190617151133","4122","L","337","CA0000011DEW","Path bajir","MED","","BARU","0107","0","0","0","","0114","2019-06-17 15:12:06","0114","2019-06-17 15:12:06","Y","0","null","","Y"
"F0108190617104400","4122","M","358","CA0000002DEW","Jalur 64","MED","2019-07-17 00:00:00","BARU","0108","0","-2.9502877","112.3549888","","0108","2019-06-17 10:44:35","0108","2019-06-17 10:44:35","Y","0","null","","Y"
"F0113190617103541","4122","M","358","CA0000002DEW","Jalur 73 under pruning","MED","","BARU","0108","0","0","0","","0113","2019-06-17 10:36:09","0113","2019-06-17 10:36:09","Y","0","null","","Y"
"F0113190617102251","4122","M","358","CA0000002DEW","Pruning jalur 63 under pruning","MED","","BARU","0108","0","0","0","","0113","2019-06-17 10:23:16","0113","2019-06-17 10:23:16","Y","0","null","","Y"
"F0113190614160210","4122","O","371","CA0000002DEW","Pokok under pruning di jalur 48","MED","","BARU","0110","0","0","0","","0113","2019-06-14 16:02:33","0113","2019-06-14 16:02:33","Y","0","null","","Y"
"F0113190612114005","4122","O","368","CA0000002DEW","Buah dipanen pelepah tidak diturunkan, under pruning blok e34 jalur 73","MED","","BARU","0110","0","0","0","","0113","2019-06-12 11:40:45","0113","2019-06-12 11:40:45","Y","0","null","","Y"
"F0114190612103646","4122","G","275","CA0000001DEW","Anak kayu ","HIGH","","BARU","0105","0","0","0","","0114","2019-06-12 10:37:04","0114","2019-06-12 10:37:04","Y","0","null","","Y"
"F0114190612103341","4122","G","275","CA0000009DEW","Under pruning","HIGH","","BARU","0105","0","0","0","","0114","2019-06-12 10:34:29","0114","2019-06-12 10:34:29","Y","0","null","","Y"
"F0113190611160715","4122","O","373","CA0000006DEW","Satu tumpuk tankos belom diaplikasi jalur 31 dari per 40","MED","","BARU","0110","0","0","0","","0113","2019-06-11 16:08:12","0113","2019-06-11 16:08:12","Y","0","null","","Y"
"F0114190611111437","4122","K","291","CA0000012DEW","Titi panen","HIGH","","BARU","0106","0","0","0","","0114","2019-06-11 11:15:06","0114","2019-06-11 11:15:06","Y","0","null","","Y"
"F0113190609112301","4122","O","379","CA0000001DEW","Jalur 116 pokok pertama dililit mucuna","MED","","BARU","0110","0","0","0","","0113","2019-06-09 11:23:34","0113","2019-06-09 11:23:34","Y","0","null","","Y"
"F0113190609101416","4122","L","326","CA0000002DEW","Pruning under jalur 51 total full jalur tidak dipruning","MED","","BARU","0107","0","-2.9359748","112.3418053","","0113","2019-06-09 10:15:25","0113","2019-06-09 10:15:25","Y","0","null","","Y"
"F0113190609100733","4122","L","325","CA0000002DEW","Pruning under jalur 51","MED","","BARU","0107","0","0","0","","0113","2019-06-09 10:08:09","0113","2019-06-09 10:08:09","Y","0","null","","Y"
"F0114190603150305","4122","O","382","CA0000009DEW","Mukuna menutupi sawit","HIGH","","BARU","0110","0","0","0","","0114","2019-06-03 15:04:12","0114","2019-06-03 15:04:12","Y","0","null","","Y"
"F0113190603082623","4122","S","422","CA0000004DEW","Di jalur 24 terdapat pokok terserang rayap. Untuk identifikasi pertama","LOW","2019-07-31 00:00:00","BARU","0113","0","0","0","","0113","2019-06-03 08:28:03","0113","2019-06-03 08:28:03","Y","0","null","","Y"
"F0111190531083014","4122","S","424","CA0000009DEW","Segera di cpt","MED","2019-06-25 00:00:00","BARU","0111","0","0","0","","0111","2019-05-31 08:30:58","0111","2019-05-31 08:30:58","Y","0","null","","Y"
"F0116190529162544","4122","G","270","CA0000002DEW","Pokok sisip tidak terawat di jalur 78","MED","","BARU","0105","0","0","0","","0116","2019-05-29 16:26:35","0116","2019-05-29 16:26:35","Y","0","null","","Y"
"F0127190529122855","4122","F","229","CA0000001DEW","Ditemukan anak kayu di jalur 84","HIGH","2019-06-15 00:00:00","BARU","0127","0","0","0","","0127","2019-05-29 12:29:59","0127","2019-05-29 12:29:59","Y","0","null","","Y"
"F0113190527161951","4122","O","375","CA0000001DEW","Terdapat gulma jenis daun sempit/rumput gajah","MED","","BARU","0110","0","0","0","","0113","2019-05-27 16:20:55","0113","2019-05-27 16:20:55","Y","0","null","","Y"
"F0111190527085716","4122","P","407","CA0000009DEW","Segera di cpt","MED","2019-06-16 00:00:00","BARU","0111","0","0","0","","0111","2019-05-27 08:57:50","0111","2019-05-27 08:57:50","Y","0","null","","Y"
"F0111190524082218","4122","S","432","CA0000009DEW","Segera di cpt","MED","2019-06-12 00:00:00","BARU","0111","0","0","0","","0111","2019-05-24 08:22:42","0111","2019-05-24 08:22:42","Y","0","null","","Y"
"F0111190524074912","4122","S","431","CA0000009DEW","Segera di cpt","MED","2019-05-28 00:00:00","BARU","0111","0","0","0","","0111","2019-05-24 07:50:02","0111","2019-05-24 07:50:02","Y","0","null","","Y"
"F0111190524074219","4122","P","399","CA0000009DEW","Segera di cpt","MED","2019-05-28 00:00:00","BARU","0111","0","0","0","","0111","2019-05-24 07:42:53","0111","2019-05-24 07:42:53","Y","0","null","","Y"
"F0113190523122335","4122","M","358","CA0000002DEW","Pruning jalur 15/16","MED","","BARU","0108","0","0","0","","0113","2019-05-23 12:24:14","0113","2019-05-23 12:24:14","Y","0","null","","Y"
"F0111190523080152","4122","S","436","CA0000009DEW","Segera di semprot cpt","MED","2019-06-01 00:00:00","BARU","0111","0","0","0","","0111","2019-05-23 08:03:02","0111","2019-05-23 08:03:02","Y","0","null","","Y"
"F0113190522122427","4122","L","323","CA0000001DEW","Dari 28/39 ada anak sawit yg sudah besar. Segera dirongkel","MED","","BARU","0107","0","0","0","","0113","2019-05-22 12:25:11","0113","2019-05-22 12:25:11","Y","0","null","","Y"
"F0111190522102226","4122","P","391","CA0000009DEW","Segera di cpt","MED","2019-05-24 00:00:00","BARU","0111","0","0","0","","0111","2019-05-22 10:23:06","0111","2019-05-22 10:23:06","Y","0","null","","Y"
"F0111190522100305","4122","P","390","CA0000009DEW","Segera di cpt","MED","2019-05-24 00:00:00","BARU","0111","0","0","0","","0111","2019-05-22 10:03:37","0111","2019-05-22 10:03:37","Y","0","null","","Y"
"F0111190521110912","4122","P","409","CA0000009DEW","Segera di cpt","MED","2019-06-01 00:00:00","BARU","0111","0","0","0","","0111","2019-05-21 11:09:35","0111","2019-05-21 11:09:35","Y","0","null","","Y"
"F0111190521105100","4122","P","410","CA0000009DEW","Segera di cpt","MED","2019-06-01 00:00:00","BARU","0111","0","0","0","","0111","2019-05-21 10:51:33","0111","2019-05-21 10:51:33","Y","0","null","","Y"
"F0113190520160605","4122","O","370","CA0000001DEW","Gawangan semak jalur 107, masuk dari 35/36 pokok ke 7","MED","","BARU","0110","0","0","0","","0113","2019-05-20 16:07:17","0113","2019-05-20 16:07:17","Y","0","null","","Y"
"F0111190520093905","4122","P","402","CA0000009DEW","Segera di cpt","MED","2019-06-06 00:00:00","BARU","0111","0","0","0","","0111","2019-05-20 09:39:35","0111","2019-05-20 09:39:35","Y","0","null","","Y"
"F0111190520092418","4122","P","401","CA0000009DEW","Segera di cpt","MED","2019-06-04 00:00:00","BARU","0111","0","0","0","","0111","2019-05-20 09:24:46","0111","2019-05-20 09:24:46","Y","0","null","","Y"
"F0111190520085429","4122","P","400","CA0000009DEW","Segera semprot cpt","MED","2019-06-05 00:00:00","BARU","0111","0","0","0","","0111","2019-05-20 08:55:11","0111","2019-05-20 08:55:11","Y","0","null","","Y"
"F0116190518112551","4122","F","220","CA0000002DEW","Under prunning jalur 80 Dan 81","HIGH","","BARU","0127","0","0","0","","0116","2019-05-18 11:27:55","","","Y","0","null","","Y"
"F0111190518101147","4122","P","404","CA0000009DEW","Segera di cpt","MED","2019-05-26 00:00:00","BARU","0111","0","0","0","","0111","2019-05-18 10:12:11","0111","2019-05-18 10:12:11","Y","0","null","","Y"
"F0111190518095812","4122","P","405","CA0000009DEW","Segera di cpt","MED","2019-05-26 00:00:00","BARU","0111","0","0","0","","0111","2019-05-18 09:58:36","0111","2019-05-18 09:58:36","Y","0","null","","Y"
"F0111190517150758","4122","S","422","CA0000009DEW","Segera di cpt","MED","2019-06-20 00:00:00","BARU","0111","0","0","0","","0111","2019-05-17 15:08:29","0111","2019-05-17 15:08:29","Y","0","null","","Y"
"F0111190517144522","4122","S","423","CA0000009DEW","Masih Ada kayu di piringan","HIGH","2019-05-18 00:00:00","BARU","0111","0","0","0","","0111","2019-05-17 14:46:23","0111","2019-05-17 14:46:23","Y","0","null","","Y"
"F0125190517074315","4122","O","373","CA0000009DEW","Pokok under prunning, jalur 74 pokok ke 11 dari E39/40","MED","","BARU","0110","0","0","0","","0125","2019-05-17 07:44:13","0125","2019-05-17 07:44:13","Y","0","null","","Y"
"FTAC00011190515100835","4421","F","149","CA0000001DEW","piringan kotor","HIGH","2019-05-16 00:00:00","SELESAI","TAC00011","100","-2.257713382773951","111.29841100578093","","TAC00011","2019-05-15 10:16:03","","","Y","0","null","","Y"
"F0109190514150037","4122","N","313","CA0000005DEW","Under prunning diblok C37 ..","MED","2019-05-30 00:00:00","BARU","0109","0","0","0","","0109","2019-05-14 15:02:13","0109","2019-05-14 15:02:13","Y","0","null","","Y"
"F0111190514080330","4122","P","406","CA0000009DEW","Segera di cpt","MED","2019-06-13 00:00:00","BARU","0111","0","0","0","","0111","2019-05-14 08:04:22","0111","2019-05-14 08:04:22","Y","0","null","","Y"
"F0125190514071759","4122","M","366","CA0000001DEW","Piringan sudah mulai banyak kentosan. Jalur 4 pokok 16.","MED","","BARU","0108","0","0","0","","0125","2019-05-14 07:18:42","0125","2019-05-14 07:18:42","Y","0","null","","Y"
"F0111190513103412","4122","S","440","CA0000009DEW","Segera di cpt","MED","2019-06-25 00:00:00","BARU","0111","0","0","0","","0111","2019-05-13 10:34:38","0111","2019-05-13 10:34:38","Y","0","null","","Y"
"F0111190513100906","4122","S","441","CA0000009DEW","Segera di cpt","MED","2019-06-25 00:00:00","BARU","0111","0","0","0","","0111","2019-05-13 10:09:32","0111","2019-05-13 10:09:32","Y","0","null","","Y"
"F0126190511101951","4122","1","238","CA0000001DEW","Banyak anak kayu di Blok D23 jalur 111/112","HIGH","2019-05-31 00:00:00","BARU","0126","0","-2.9119868","112.34651785","","0126","2019-05-11 10:20:23","0126","2019-07-11 13:02:45","Y","0","null","","Y"
"F0111190511093626","4122","S","420","CA0000009DEW","Segera di cpt","MED","2019-06-23 00:00:00","BARU","0111","0","0","0","","0111","2019-05-11 09:36:56","0111","2019-05-11 09:36:56","Y","0","null","","Y"
"F0111190511093020","4122","S","420","CA0000009DEW","Segera di cpt","MED","2019-06-23 00:00:00","BARU","0111","0","0","0","","0111","2019-05-11 09:30:47","0111","2019-05-11 09:30:47","Y","0","null","","Y"
"F0111190511084958","4122","S","439","CA0000009DEW","Segera di cpt","MED","2019-06-26 00:00:00","BARU","0111","0","0","0","","0111","2019-05-11 08:50:47","0111","2019-05-11 08:50:47","Y","0","null","","Y"
"F0125190511073047","4122","K","297","CA0000001DEW","Blok C33, jalur 79. Kondisi piringan mulai banyak kentosan","MED","","BARU","0106","0","0","0","","0125","2019-05-11 07:32:20","0125","2019-05-11 07:32:20","Y","0","null","","Y"
"F0111190510094644","4122","S","430","CA0000009DEW","Semprot cpt","MED","2019-06-10 00:00:00","BARU","0111","0","0","0","","0111","2019-05-10 09:47:15","0111","2019-05-10 09:47:15","Y","0","null","","Y"
"F0111190510080724","4122","S","427","CA0000009DEW","Segera di cpt","MED","2019-06-24 00:00:00","BARU","0111","0","0","0","","0111","2019-05-10 08:07:47","0111","2019-05-10 08:07:47","Y","0","null","","Y"
"F0111190510074520","4122","S","427","CA0000009DEW","Segera di semprot cpt","MED","2019-06-24 00:00:00","BARU","0111","0","0","0","","0111","2019-05-10 07:45:58","0111","2019-05-10 07:45:58","Y","0","null","","Y"
"F0132190509155304","2121","F","077","CA0000001DEW","Tidak disiplin 
","HIGH","2019-05-09 00:00:00","BARU","0132","0","-1.31566115655005","103.38018667884172","","0132","2019-05-09 15:53:31","0132","2019-05-09 15:53:31","Y","0","null","","Y"
"F0132190509155247","2121","F","077","CA0000010DEW","Sampah","LOW","2019-05-09 00:00:00","BARU","0132","0","-1.3170781","103.3778855","","0132","2019-05-09 15:53:15","0132","2019-05-09 15:53:15","Y","0","null","","Y"
"F0132190509154908","2121","F","077","CA0000001DEW","Gulma Kayu","LOW","2019-05-09 00:00:00","BARU","0132","0","-1.3170781","103.3778855","","0132","2019-05-09 15:49:38","0132","2019-05-09 15:49:38","Y","0","null","","Y"
"F0132190509154907","2121","F","077","CA0000012DEW","Sampah polibag ","LOW","2019-05-09 00:00:00","BARU","0132","0","-1.31566115655005","103.38018667884172","","0132","2019-05-09 15:49:29","0132","2019-05-09 15:49:29","Y","0","null","","Y"
"F0132190509154827","2121","F","077","CA0000001DEW","Gulma kayu kayuan ","MED","2019-05-09 00:00:00","BARU","0132","0","-1.31566115655005","103.38018667884172","","0132","2019-05-09 15:48:46","0132","2019-05-09 15:48:46","Y","0","null","","Y"
"F0132190509154634","2121","F","077","CA0000002DEW","Pelepah tidak di gawangan mati ","MED","2019-05-09 00:00:00","BARU","0132","0","-1.3164581079035997","103.38067098520696","","0132","2019-05-09 15:47:38","0132","2019-05-09 15:47:38","Y","0","null","","Y"
"F0132190509154110","2121","F","077","CA0000001DEW","Gulma tumbuh  di btang pohon ","HIGH","2019-05-09 00:00:00","BARU","0132","0","-1.3164581079035997","103.38067098520696","","0132","2019-05-09 15:41:56","0132","2019-05-09 15:41:56","Y","0","null","","Y"
"F0132190509154108","2121","F","077","CA0000007DEW","Pelepah berantakan di pasar angkong","MED","2019-05-16 00:00:00","BARU","0132","0","0","0","","0132","2019-05-09 15:41:37","0132","2019-05-09 15:41:37","Y","0","null","","Y"
"F0132190509153952","2121","F","077","CA0000001DEW","Pasar angkong tidak bersih","MED","2019-05-13 00:00:00","BARU","0132","0","-1.3164321659132838","103.38068649172783","","0132","2019-05-09 15:40:35","0132","2019-05-09 15:40:35","Y","0","null","","Y"
"F0132190509153858","2121","F","077","CA0000001DEW","Batang  karet yg  tumbuh ","MED","2019-05-09 00:00:00","BARU","0132","0","-1.3164581079035997","103.38067098520696","","0132","2019-05-09 15:39:35","0132","2019-05-09 15:39:35","Y","0","null","","Y"
"F0132190509153437","2121","F","077","CA0000001DEW","Pohon tumbang","MED","2019-05-09 00:00:00","BARU","0132","0","0","0","","0132","2019-05-09 15:35:22","0132","2019-05-09 15:35:22","Y","0","null","","Y"
"F0132190509153201","2121","F","077","CA0000010DEW","Sampah di pasar angkung","MED","2019-05-09 00:00:00","BARU","0132","0","0","0","","0132","2019-05-09 15:32:31","0132","2019-05-09 15:32:31","Y","0","null","","Y"
"F0132190509152811","2121","F","077","CA0000001DEW","Pokok gondrong","HIGH","2019-05-10 00:00:00","BARU","0132","0","-1.3164321659132838","103.38068649172783","","0132","2019-05-09 15:29:06","0132","2019-05-09 15:29:06","Y","0","null","","Y"
"F0132190509152717","2121","F","077","CA0000007DEW","Berondongan tertinggal di tbh","MED","2019-05-09 00:00:00","BARU","0132","0","0","0","","0132","2019-05-09 15:28:05","0132","2019-05-09 15:28:05","Y","0","null","","Y"
"F0132190509152344","2121","F","077","CA0000005DEW","Brondolan tidak terangkut menyebabkan jadi  gulma ","HIGH","2019-05-09 00:00:00","BARU","0132","0","-1.31566115655005","103.38018667884172","","0132","2019-05-09 15:24:58","0132","2019-05-09 15:24:58","Y","0","null","","Y"
"F0132190509152216","2121","F","077","CA0000001DEW","Tidak  bersih ","HIGH","2019-05-09 00:00:00","BARU","0132","0","-1.31566115655005","103.38018667884172","","0132","2019-05-09 15:23:19","0132","2019-05-09 15:23:19","Y","0","null","","Y"
"F0132190509152235","2121","F","077","CA0000007DEW","Pelepah tidak sesuai tempatnya","MED","2019-05-09 00:00:00","BARU","0132","0","0","0","","0132","2019-05-09 15:23:18","0132","2019-05-09 15:23:18","Y","0","null","","Y"
"F0132190509152202","2121","F","077","CA0000006DEW","Brondolan","LOW","2019-05-09 00:00:00","BARU","0132","0","-1.3164604967460034","103.38069629855454","","0132","2019-05-09 15:22:49","0132","2019-05-09 15:22:49","Y","0","null","","Y"
"F0132190509151924","2121","F","077","CA0000001DEW","Sampah-sampah plastik berserakan","LOW","2019-05-16 00:00:00","BARU","0132","0","-1.3164321659132838","103.38068649172783","","0132","2019-05-09 15:19:50","0132","2019-05-09 15:19:50","Y","0","null","","Y"
"F0132190509151828","2121","F","077","CA0000001DEW","Sampah plastik","LOW","2019-05-16 00:00:00","BARU","0132","0","-1.315622391400956","103.38107734456688","","0132","2019-05-09 15:18:45","0132","2019-05-09 15:18:45","Y","0","null","","Y"
"F0132190509151708","2121","F","077","CA0000007DEW","Terlalu banyak berondolan tertinggal di piringan","MED","2019-05-09 00:00:00","BARU","0132","0","0","0","","0132","2019-05-09 15:18:31","0132","2019-05-09 15:18:31","Y","0","null","","Y"
"F0132190509151752","2121","F","077","CA0000001DEW","Kurang rapih","LOW","2019-05-16 00:00:00","BARU","0132","0","-1.315622391400956","103.38107734456688","","0132","2019-05-09 15:18:05","0132","2019-05-09 15:18:05","Y","0","null","","Y"
"F0132190509151522","2121","F","077","CA0000001DEW","Pohon berdempetan ","MED","2019-05-09 00:00:00","BARU","0132","0","-1.3170781","103.3778855","","0132","2019-05-09 15:17:33","0132","2019-05-09 15:17:33","Y","0","null","","Y"
"F0132190509151604","2121","F","077","CA0000002DEW","Pelepah  tidak rapi ","HIGH","2019-05-09 00:00:00","BARU","0132","0","-1.31566115655005","103.38018667884172","","0132","2019-05-09 15:17:25","0132","2019-05-09 15:17:25","Y","0","null","","Y"
"F0132190509151651","2121","F","077","CA0000001DEW","Kurang rapih","LOW","2019-05-16 00:00:00","BARU","0132","0","-1.315622391400956","103.38107734456688","","0132","2019-05-09 15:17:10","0132","2019-05-09 15:17:10","Y","0","null","","Y"
"F0132190509151403","2121","F","077","CA0000001DEW","Kurang rapih","LOW","2019-05-15 00:00:00","BARU","0132","0","-1.3164321659132838","103.38068649172783","","0132","2019-05-09 15:14:36","0132","2019-05-09 15:14:36","Y","0","null","","Y"
"F0132190509150958","2121","F","077","CA0000010DEW","Sampah di kebun ","HIGH","2019-05-09 00:00:00","BARU","0132","0","-1.3164581079035997","103.38067098520696","","0132","2019-05-09 15:11:19","0132","2019-05-09 15:11:19","Y","0","null","","Y"
"F0132190509151008","2121","F","077","CA0000010DEW","Samoan plastik","LOW","2019-05-09 00:00:00","BARU","0132","0","-1.3170781","103.3778855","","0132","2019-05-09 15:10:55","0132","2019-05-09 15:10:55","Y","0","null","","Y"
"F0132190509150632","2121","F","077","CA0000001DEW","Brondolan tinggal di tph 
","HIGH","2019-05-09 00:00:00","BARU","0132","0","-1.3164581079035997","103.38067098520696","","0132","2019-05-09 15:09:03","0132","2019-05-09 15:09:03","Y","0","null","","Y"
"F0132190509150619","2121","F","077","CA0000006DEW","Brondolan ","LOW","2019-05-09 00:00:00","BARU","0132","0","-1.3164604967460034","103.38069629855454","","0132","2019-05-09 15:08:51","0132","2019-05-09 15:08:51","Y","0","null","","Y"
"F0132190509150518","2121","F","077","CA0000012DEW","Banyak anak kayu di pasar pikul dan pelepah yang tidak pada tempat nya","MED","2019-05-09 00:00:00","BARU","0132","0","-1.3164327526465058","103.38068313896655","","0132","2019-05-09 15:06:51","0132","2019-05-09 15:06:51","Y","0","null","","Y"
"F0132190509150307","2121","F","077","CA0000001DEW","Pasar angkong tidak bersih","MED","2019-05-10 00:00:00","BARU","0132","0","-1.3164450740441678","103.38071348145604","","0132","2019-05-09 15:05:19","0132","2019-05-09 15:05:19","Y","0","null","","Y"
"F0113190509121419","4122","O","376","CA0000002DEW","Masuk dari 36/37 pokok ke10 jalur 27, under pruning","MED","","BARU","0110","0","0","0","","0113","2019-05-09 12:15:05","0113","2019-05-09 12:15:05","Y","0","null","","Y"
"F0113190509120616","4122","O","376","CA0000002DEW","Pokok under pruning. Pokok 19, masuk dari 35/36","MED","","BARU","0110","0","0","0","","0113","2019-05-09 12:07:09","0113","2019-05-09 12:07:09","Y","0","null","","Y"
"F0126190509105505","4122","1","245","CA0000001DEW","Anak sawit Di gawangan jalur 36/37","HIGH","2019-05-31 00:00:00","BARU","0126","0","-2.90948086","112.3504045","","0126","2019-05-09 10:55:41","0126","2019-07-11 13:02:48","Y","0","null","","Y"
"F0111190508105258","4122","S","445","CA0000009DEW","Segera semprot cpt","MED","2019-06-21 00:00:00","BARU","0111","0","0","0","","0111","2019-05-08 10:53:43","0111","2019-05-08 10:53:43","Y","0","null","","Y"
"F0111190508104023","4122","S","445","CA0000009DEW","Segera di semprot cpt","MED","2019-06-20 00:00:00","BARU","0111","0","0","0","","0111","2019-05-08 10:41:05","0111","2019-05-08 10:41:05","Y","0","null","","Y"
"F0105190508093822","4122","G","265","CA0000002DEW","Pelepah sengkleh blok G24 jalur 19","HIGH","2019-05-15 00:00:00","BARU","0105","0","0","0","","0105","2019-05-08 09:38:56","0105","2019-05-08 09:38:56","Y","0","null","","Y"
"F0111190507102250","4122","S","422","CA0000009DEW","Segera di semprot CPT ","MED","2019-05-20 00:00:00","BARU","0111","0","0","0","","0111","2019-05-07 10:23:27","0111","2019-05-07 10:23:27","Y","0","null","","Y"
"F0111190507095954","4122","S","422","CA0000009DEW","Segera di semprot CPT terdapat kacangan di pasar pikul","MED","2019-05-20 00:00:00","BARU","0111","0","0","0","","0111","2019-05-07 10:00:47","0111","2019-05-07 10:00:47","Y","0","null","","Y"
"F0111190507095451","4122","S","423","CA0000009DEW","Segera di semprot cpt","MED","2019-05-20 00:00:00","BARU","0111","0","0","0","","0111","2019-05-07 09:55:23","0111","2019-05-07 09:55:23","Y","0","null","","Y"
"F0111190507095143","4122","S","423","CA0000009DEW","Segera semprot cpt","MED","2019-05-20 00:00:00","BARU","0111","0","0","0","","0111","2019-05-07 09:52:20","0111","2019-05-07 09:52:20","Y","0","null","","Y"
"F0111190506094329","4122","S","425","CA0000009DEW","Segera di semprot cpt","MED","2019-05-19 00:00:00","BARU","0111","0","0","0","","0111","2019-05-06 09:44:07","0111","2019-05-06 09:44:07","Y","0","null","","Y"
"F0111190506092400","4122","S","426","CA0000009DEW","Segera di semprot cpt","MED","2019-05-19 00:00:00","BARU","0111","0","0","0","","0111","2019-05-06 09:25:05","0111","2019-05-06 09:25:05","Y","0","null","","Y"
"F0105190504094818","4122","G","271","CA0000002DEW","Pelepah tidak disusun di gawangan di jalur 92 blok H21","HIGH","2019-05-07 00:00:00","BARU","0105","0","0","0","","0105","2019-05-04 09:49:13","0105","2019-05-04 09:49:13","Y","0","null","","Y"
"F0111190504091550","4122","P","393","CA0000009DEW","Piringan mulai semak","MED","2019-06-10 00:00:00","BARU","0111","0","0","0","","0111","2019-05-04 09:16:38","0111","2019-05-04 09:16:38","Y","0","null","","Y"
"F0111190504090720","4122","P","393","CA0000009DEW","Piringan mulai semak","MED","2019-06-10 00:00:00","BARU","0111","0","0","0","","0111","2019-05-04 09:08:15","0111","2019-05-04 09:08:15","Y","0","null","","Y"
"F0111190504085230","4122","P","394","CA0000009DEW","Terdapat kentosan di piringan","HIGH","2019-05-10 00:00:00","BARU","0111","0","0","0","","0111","2019-05-04 08:53:27","0111","2019-05-04 08:53:27","Y","0","null","","Y"
"F0111190504084002","4122","P","394","CA0000009DEW","Terdqpat kentosan di piringan","HIGH","2019-05-10 00:00:00","BARU","0111","0","0","0","","0111","2019-05-04 08:41:36","0111","2019-05-04 08:41:36","Y","0","null","","Y"
"F0111190503103310","4122","P","396","CA0000009DEW","Piringan mulai semak","MED","2019-06-14 00:00:00","BARU","0111","0","0","0","","0111","2019-05-03 10:33:39","0111","2019-05-03 10:33:39","Y","0","null","","Y"
"F0111190503102621","4122","P","396","CA0000009DEW","Piringan mulai semak","MED","2019-06-14 00:00:00","BARU","0111","0","0","0","","0111","2019-05-03 10:27:10","0111","2019-05-03 10:27:10","Y","0","null","","Y"
"F0111190503101505","4122","P","395","CA0000009DEW","Piringan mulai semak","MED","2019-06-12 00:00:00","BARU","0111","0","0","0","","0111","2019-05-03 10:15:38","0111","2019-05-03 10:15:38","Y","0","null","","Y"
"F0111190503100723","4122","P","395","CA0000009DEW","Piringan mulai semak","MED","2019-06-12 00:00:00","BARU","0111","0","0","0","","0111","2019-05-03 10:08:12","0111","2019-05-03 10:08:12","Y","0","null","","Y"
"F0110190503100245","4122","O","378","CA0000012DEW","Karung brondolan berserak di toh blok f38 jalur 9","HIGH","2019-05-31 00:00:00","BARU","0110","0","0","0","","0110","2019-05-03 10:04:17","0110","2019-05-03 10:04:17","Y","0","null","","Y"
"F0126190503094313","4122","1","244","CA0000001DEW","Anak sawit Di jalur 83 pasar tengah","HIGH","2019-06-06 00:00:00","BARU","0126","0","-2.9071175","112.35375288","","0126","2019-05-03 09:43:42","0126","2019-07-11 13:02:51","Y","0","null","","Y"
"F0126190503091948","4122","1","243","CA0000001DEW","Anak sawit Di CR E20/21 jalur 89","HIGH","2019-05-31 00:00:00","BARU","0126","0","-2.90534346","112.35408241","","0126","2019-05-03 09:20:57","0126","2019-07-11 13:02:54","Y","0","null","","Y"
"F0109190503090835","4122","N","299","CA0000001DEW","Di temukan anak kentosan di baris 22 pokok ke 3 masuk dari A35/A36","MED","2019-05-18 00:00:00","BARU","0109","0","0","0","","0109","2019-05-03 09:10:09","0109","2019-05-03 09:10:09","Y","0","null","","Y"
"F0111190502101258","4122","P","398","CA0000009DEW","Piringan mulai semak","MED","2019-06-01 00:00:00","BARU","0111","0","0","0","","0111","2019-05-02 10:13:36","0111","2019-05-02 10:13:36","Y","0","null","","Y"
"F0111190502100731","4122","P","398","CA0000009DEW","Piringan mulai semak","MED","2019-06-01 00:00:00","BARU","0111","0","0","0","","0111","2019-05-02 10:08:09","0111","2019-05-02 10:08:09","Y","0","null","","Y"
"F0111190502094907","4122","P","397","CA0000009DEW","Piringan sudah Masuk rotasi","MED","2019-06-01 00:00:00","BARU","0111","0","0","0","","0111","2019-05-02 09:50:38","0111","2019-05-02 09:50:38","Y","0","null","","Y"
"F0105190430112858","4122","G","264","CA0000002DEW","Pokok gondrong jalur 41 blok G23 ","MED","2019-05-11 00:00:00","BARU","0105","0","0","0","","0105","2019-04-30 11:29:29","0105","2019-04-30 11:29:29","Y","0","null","","Y"
"F0105190430112009","4122","G","263","CA0000001DEW","Anak kayu di gawangan blok G21 jalur 38 ","HIGH","2019-05-07 00:00:00","BARU","0105","0","0","0","","0105","2019-04-30 11:20:49","0105","2019-04-30 11:20:49","Y","0","null","","Y"
"F0108190430111340","4122","M","360","CA0000012DEW","Sudah mulai rusak jembatan pada blok j31/32","LOW","2019-05-31 00:00:00","BARU","0108","0","0","0","","0108","2019-04-30 11:14:31","0108","2019-04-30 11:14:31","Y","0","null","","Y"
"F0108190430111129","4122","M","360","CA0000006DEW","Tumpukan tankos pada jalur 61","HIGH","2019-05-06 00:00:00","BARU","0108","0","0","0","","0108","2019-04-30 11:12:52","0108","2019-04-30 11:12:52","Y","0","null","","Y"
"F0108190430110854","4122","M","361","CA0000009DEW","Perlu prunning rempes pada jalan CR j31/32","HIGH","2019-05-06 00:00:00","BARU","0108","0","0","0","","0108","2019-04-30 11:09:53","0108","2019-04-30 11:09:53","Y","0","null","","Y"
"F0126190430105823","4122","1","249","CA0000002DEW","Anak sawit di Blok E26/27 jalur 37","HIGH","2019-05-30 00:00:00","SELESAI","0126","100","-2.9222342","112.35020753","","0126","2019-04-30 10:59:30","0126","2019-07-30 09:56:55","Y","0","","","Y"
"F0108190430101545","4122","M","358","CA0000009DEW","Terdapat TPH yang kotor pada TPH 003","MED","2019-05-07 00:00:00","BARU","0108","0","0","0","","0108","2019-04-30 10:16:57","0108","2019-04-30 10:16:57","Y","0","null","","Y"
"F0125190430095611","4122","N","311","CA0000002DEW","Kondisi prunning tidak standard, jalur  119, pokok ke 25 dari C35/36","MED","","BARU","0109","0","0","0","","0125","2019-04-30 09:57:26","0125","2019-04-30 09:57:26","Y","0","null","","Y"
"F0108190430094531","4122","M","362","CA0000001DEW","Anak sawit pada jalur 11","MED","2019-05-10 00:00:00","BARU","0108","0","0","0","","0108","2019-04-30 09:46:50","0108","2019-04-30 09:46:50","Y","0","null","","Y"
"F0108190430092715","4122","M","362","CA0000009DEW","Titi panen tidak ada di jalur 5","LOW","2019-06-30 00:00:00","BARU","0108","0","0","0","","0108","2019-04-30 09:29:00","0108","2019-04-30 09:29:00","Y","0","null","","Y"
"F0108190430091408","4122","M","366","CA0000009DEW","Prunning di jalur 7","HIGH","2019-05-17 00:00:00","BARU","0108","0","0","0","","0108","2019-04-30 09:17:19","0108","2019-04-30 09:17:19","Y","0","null","","Y"
"F0125190430083921","4122","N","320","CA0000001DEW","Piringan perlu diperlakukan CPT","MED","","BARU","0109","0","0","0","","0125","2019-04-30 08:40:08","0125","2019-04-30 08:40:08","Y","0","null","","Y"
"F0111190430082959","4122","S","420","CA0000009DEW","Piringan mulai semak","LOW","2019-05-31 00:00:00","BARU","0111","0","0","0","","0111","2019-04-30 08:31:10","0111","2019-04-30 08:31:10","Y","0","null","","Y"
"F0109190430082715","4122","N","320","CA0000002DEW","Baris ke 116 pokok 16 masuk dari D37/D38","LOW","2019-05-06 00:00:00","BARU","0109","0","0","0","","0109","2019-04-30 08:30:21","0109","2019-04-30 08:30:21","Y","0","null","","Y"
"F0111190430075706","4122","S","421","CA0000009DEW","Pasar pikul mulai semak","HIGH","2019-05-02 00:00:00","BARU","0111","0","0","0","","0111","2019-04-30 07:59:13","0111","2019-04-30 07:59:13","Y","0","null","","Y"
"F0113190429102711","4122","F","220","CA0000002DEW","Pokok under pruning di pokok 11 masuk dari b21/22","MED","","BARU","0127","0","0","0","","0113","2019-04-29 10:27:58","0113","2019-04-29 10:27:58","Y","0","null","","Y"
"F0105190429101636","4122","F","220","CA0000001DEW","Asystasia di B21/20","HIGH","","BARU","0127","0","0","0","","0105","2019-04-29 10:17:25","0105","2019-04-29 10:17:25","Y","0","null","","Y"
"F0113190429100622","4122","F","220","CA0000002DEW","Pokok panen sengkle","MED","","BARU","0127","0","0","0","","0113","2019-04-29 10:08:43","0113","2019-04-29 10:08:43","Y","0","null","","Y"
"F0106190429100345","4122","F","220","CA0000002DEW","Pelepah sengkleh B21 jalur 106","MED","","BARU","0127","0","0","0","","0106","2019-04-29 10:07:16","0106","2019-04-29 10:07:16","Y","0","null","","Y"
"F0111190429100445","4122","F","220","CA0000002DEW","Pelepah sengkleh di blok B21 jalur 112","MED","","BARU","0127","0","0","0","","0111","2019-04-29 10:06:14","0111","2019-04-29 10:06:14","Y","0","null","","Y"
"F0110190429100401","4122","F","220","CA0000012DEW","Patok toh tidak sesuai posisinya, jalur 106","HIGH","","BARU","0127","0","0","0","","0110","2019-04-29 10:06:05","0110","2019-04-29 10:06:05","Y","0","null","","Y"
"F0126190429095710","4122","F","220","CA0000001DEW","TPH semak Blok B20 Nomor TPH 24","MED","","BARU","0127","0","0","0","","0126","2019-04-29 09:59:44","0126","2019-04-29 09:59:44","Y","0","null","","Y"
"F0127190427160415","4122","F","220","CA0000002DEW","Ditemukan pelepah sengkleh","LOW","2019-04-29 00:00:00","SELESAI","0127","100","0","0","","0127","2019-04-27 16:05:01","0127","2019-04-27 16:05:01","Y","0","null","","Y"
"F0126190427132518","4122","1","240","CA0000002DEW","Pokok underprunning di blok d25/24 jalur 10","MED","2019-06-30 00:00:00","SELESAI","0126","100","-2.91650619","112.33909081","","0126","2019-04-27 13:28:24","0126","2019-07-12 10:03:54","Y","0","null","","Y"
"F0109190426103834","4122","O","371","CA0000005DEW","Terdapat pokok double tone","MED","","BARU","0110","0","-2.9526523","112.3547559","","0109","2019-04-26 10:39:38","0109","2019-04-26 10:39:38","Y","0","null","","Y"
"F0113190426101311","4122","O","370","CA0000002DEW","Panen tidak sesuai standard/buah matahari","MED","","BARU","0110","0","-2.9517101","112.3550371","","0113","2019-04-26 10:14:08","0113","2019-04-26 10:14:08","Y","0","null","","Y"
"F0113190426100931","4122","O","370","CA0000002DEW","Panen buah matahari","MED","","BARU","0110","0","-2.9526523","112.3547559","","0113","2019-04-26 10:10:31","0113","2019-04-26 10:10:31","Y","0","null","","Y"
"F0112190426095842","4122","O","370","CA0000001DEW","Anak sawit segera didongkel pakai cados","MED","","BARU","0110","0","-2.9526523","112.3547559","","0112","2019-04-26 10:02:55","0112","2019-04-26 10:02:55","Y","0","null","","Y"
"F0108190426095604","4122","O","370","CA0000001DEW","Terdapat anak sawit pada piringan pokok","MED","","BARU","0110","0","-2.9526523","112.3547559","","0108","2019-04-26 09:58:27","0108","2019-04-26 09:58:27","Y","0","null","","Y"
"F0113190426095050","4122","O","370","CA0000002DEW","Terdapat pokok under pruning","MED","","BARU","0110","0","-2.9526523","112.3547559","","0113","2019-04-26 09:52:31","0113","2019-04-26 09:52:31","Y","0","null","","Y"
"F0109190426094943","4122","O","370","CA0000009DEW","Prunning under","MED","","BARU","0110","0","-2.9523922","112.3550354","","0109","2019-04-26 09:51:19","0109","2019-04-26 09:51:19","Y","0","null","","Y"
"F0113190426094636","4122","O","370","CA0000011DEW","Titi panen tidak sesuai standart","MED","","BARU","0110","0","-2.9526523","112.3547559","","0113","2019-04-26 09:47:47","0113","2019-04-26 09:47:47","Y","0","null","","Y"
